Subjnr,Prec,Weekly,Mode,P,W1,W2,W3,W4,W5,W6,W7,W8,W9,W10,LAKW,AUC.G,AUC.L,Alpha.G,Alpha.L,Gamma.G,Gamma.L,DWG10,DWG30,DWG50,DWG70,DWG90,DWL10,DWL30,DWL50,DWL70,DWL90,SSL4,SSL3,SSL2,SSL1,RP,SSG1,SSG2,SSG3,SSG4,PBSG10,PBSG30,PBSG50,PBSG70,PBSG90,PBSL10,PBSL30,PBSL50,PBSL70,PBSL90,BDG05,BDG510,BDL05,BDL510,D5G,RG,BetaG,D5L,RL,BetaL,Age,Gender,Weight,Height,Cigarettes,Alcohol,Exercise
40,1,2,3,100,10,10,10,10,10,10,10,10,10,10,1.032,0.49371921182266,0.380277044854881,1.02647856586399,1.47299529291407,0.87282048172707,2.44684653197941,0.125968992248062,0.316091954022989,0.489463601532567,0.66765873015873,0.866803278688525,0.076,0.206,0.367,0.514,0.661,-75.8,-75,-50,-25,0,25.8,51.9,77.1,101.5,13,32.7,50.8,68.8,88.5,-7.6,-20.6,-36.7,-51.4,-66.1,49.2,49.2,-36.7,-36.7,0.993852399294268,0.00618562747355322,0.97563542722705,0.99358578804205,0.00645561967083896,0.974588950974137,19,Male,60,180,0,3,3
