Subjnr,Prec,Weekly,Mode,P,W1,W2,W3,W4,W5,W6,W7,W8,W9,W10,LAKW,AUC.G,AUC.L,Alpha.G,Alpha.L,Gamma.G,Gamma.L,DWG10,DWG30,DWG50,DWG70,DWG90,DWL10,DWL30,DWL50,DWL70,DWL90,SSL4,SSL3,SSL2,SSL1,RP,SSG1,SSG2,SSG3,SSG4,PBSG10,PBSG30,PBSG50,PBSG70,PBSG90,PBSL10,PBSL30,PBSL50,PBSL70,PBSL90,BDG05,BDG510,BDL05,BDL510,D5G,RG,BetaG,D5L,RL,BetaL,Age,Gender,Weight,Height,Cigarettes,Alcohol,Exercise
74,2,1,3,50,0,0,0,0,0,0,0,0,0,200,2.4,0.445,0.25,1.27047868463396,3.8017840160863,0.812065553878842,4.87290642917198,0.556547619047619,0.601190476190476,0.71875,0.8125,0.875,0.35,0.25,0.3,0.3,0.45,-12,-10,-10,-10,0,24,31.2,48,60,35,38,45.9,51,54,-7,-5,-6,-6,-9,30,14.1,-2,-3.5,0.796440409951249,0.255586717481112,1.25558671748111,0.897807768237125,0.113824178602879,0.37127472620096,18,Female,66,160,10,1,0
