Subjnr,Prec,Weekly,Mode,P,W1,W2,W3,W4,W5,W6,W7,W8,W9,W10,LAKW,AUC.G,AUC.L,Alpha.G,Alpha.L,Gamma.G,Gamma.L,DWG10,DWG30,DWG50,DWG70,DWG90,DWL10,DWL30,DWL50,DWL70,DWL90,SSL4,SSL3,SSL2,SSL1,RP,SSG1,SSG2,SSG3,SSG4,PBSG10,PBSG30,PBSG50,PBSG70,PBSG90,PBSL10,PBSL30,PBSL50,PBSL70,PBSL90,BDG05,BDG510,BDL05,BDL510,D5G,RG,BetaG,D5L,RL,BetaL,Age,Gender,Weight,Height,Cigarettes,Alcohol,Exercise
53,2,2,2,66,10,12,14,17,19,21,23,26,28,30,5,0.505453752181501,0.475490196078431,0.995215457465871,1.11355056937271,2.48211170019164,0.71279592606609,0.0625,0.1875,0.276595744680851,0.526143790849673,0.800578034682081,0.01875,0.537878787878788,0.53030303030303,0.537878787878788,0.75,-10.2,-7.8,-4.5,-4,0,20,24.7,40,57.3,5,15,20.5,26.3,43.5,-0.3,-5,-4.9,-5,-7.8,26,26,-5.5,-5.6,0.98416638272887,0.0160883541126722,0.938153936214016,1.01351841916936,-0.0133381090206889,1.04147644047816,19,Male,69,178,0,7,2
