Subjnr,Prec,Weekly,Mode,P,W1,W2,W3,W4,W5,W6,W7,W8,W9,W10,LAKW,AUC.G,AUC.L,Alpha.G,Alpha.L,Gamma.G,Gamma.L,DWG10,DWG30,DWG50,DWG70,DWG90,DWL10,DWL30,DWL50,DWL70,DWL90,SSL4,SSL3,SSL2,SSL1,RP,SSG1,SSG2,SSG3,SSG4,PBSG10,PBSG30,PBSG50,PBSG70,PBSG90,PBSL10,PBSL30,PBSL50,PBSL70,PBSL90,BDG05,BDG510,BDL05,BDL510,D5G,RG,BetaG,D5L,RL,BetaL,Age,Gender,Weight,Height,Cigarettes,Alcohol,Exercise
157,1,2,3,100,10,10,10,10,10,10,10,10,10,10,5.35714285714286,0.331164383561644,0.589285714285714,2.37380919517502,0.726377465105542,4.84466508623723,0.829616858227149,0.212666666666667,0.128,0.206666666666667,0.338315217391304,0.466032608695652,0.425,0.366666666666667,0.771153846153846,0.735,0.846153846153846,-28,-15,-10,-7,0,37.5,55.9,65.4,73,31.9,19.2,31,44,53.4,-9.1,-8.4,-16.1,-14.7,-20,36.3,36.3,-13.5,-14.5,0.998901699710212,0.00109950787961033,0.995614031124106,1.00704294969331,-0.00699369346208634,0.957541795590131,19,Male,79,190,0,7,3
