Subjnr,Prec,Weekly,Mode,P,W1,W2,W3,W4,W5,W6,W7,W8,W9,W10,LAKW,AUC.G,AUC.L,Alpha.G,Alpha.L,Gamma.G,Gamma.L,DWG10,DWG30,DWG50,DWG70,DWG90,DWL10,DWL30,DWL50,DWL70,DWL90,SSL4,SSL3,SSL2,SSL1,RP,SSG1,SSG2,SSG3,SSG4,PBSG10,PBSG30,PBSG50,PBSG70,PBSG90,PBSL10,PBSL30,PBSL50,PBSL70,PBSL90,BDG05,BDG510,BDL05,BDL510,D5G,RG,BetaG,D5L,RL,BetaL,Age,Gender,Weight,Height,Cigarettes,Alcohol,Exercise
5,1,2,2,100,5,6,7,8,9,11,12,13,14,15,0.993939393939394,0.489842454394693,0.518880208333333,1.05816498477093,0.947409432408054,3.72900361165083,0.761145718835277,0.0838414634146342,0.111280487804878,0.158536585365854,0.561904761904762,0.385542168674699,0.8,0.88,0.871428571428571,0.8,0.805714285714286,-38.4,-20.9,-17.3,-16.5,0,16.4,33,43.5,60.3,5.5,7.3,10.4,35.6,25.4,-24.4,-30,-29.4,-24.4,-24.8,20.7,22.6,-14.5,-20.4,0.944398373236284,0.0588751826977201,0.729175990721,1.02508331923219,-0.0244695419012205,0.339145453964411,19,Female,60,177,0,7,3
