Subjnr,Prec,Weekly,Mode,P,W1,W2,W3,W4,W5,W6,W7,W8,W9,W10,LAKW,AUC.G,AUC.L,Alpha.G,Alpha.L,Gamma.G,Gamma.L,DWG10,DWG30,DWG50,DWG70,DWG90,DWL10,DWL30,DWL50,DWL70,DWL90,SSL4,SSL3,SSL2,SSL1,RP,SSG1,SSG2,SSG3,SSG4,PBSG10,PBSG30,PBSG50,PBSG70,PBSG90,PBSL10,PBSL30,PBSL50,PBSL70,PBSL90,BDG05,BDG510,BDL05,BDL510,D5G,RG,BetaG,D5L,RL,BetaL,Age,Gender,Weight,Height,Cigarettes,Alcohol,Exercise
10,2,2,3,100,20,20,20,20,20,20,20,20,20,20,4.10204081632653,0.340540540540541,0.467857142857143,2.18902428640339,1.14577214607158,5.15992692576131,0.696597734129492,0.111940298507463,0.223880597014925,0.199004975124378,0.236318407960199,0.55,0.153061224489796,0.2625,0.50609756097561,0.567073170731707,0.775,-14,-11,-6.9,-4.9,0,20.1,27,32,37,9,18,16,19,28,-3,-5,-7,-8,-11.3,10,10,-5.1,-6.1,0.884230832389912,0.13092640899796,0.611311572431329,0.954036849118618,0.0481775425381576,0.569551893596035,18,Male,73,180,0,3,2
