Subjnr,Prec,Weekly,Mode,P,W1,W2,W3,W4,W5,W6,W7,W8,W9,W10,LAKW,AUC.G,AUC.L,Alpha.G,Alpha.L,Gamma.G,Gamma.L,DWG10,DWG30,DWG50,DWG70,DWG90,DWL10,DWL30,DWL50,DWL70,DWL90,SSL4,SSL3,SSL2,SSL1,RP,SSG1,SSG2,SSG3,SSG4,PBSG10,PBSG30,PBSG50,PBSG70,PBSG90,PBSL10,PBSL30,PBSL50,PBSL70,PBSL90,BDG05,BDG510,BDL05,BDL510,D5G,RG,BetaG,D5L,RL,BetaL,Age,Gender,Weight,Height,Cigarettes,Alcohol,Exercise
29,2,2,2,100,10,12,14,17,19,21,23,26,28,30,1.32530120481928,0.505864197530864,0.363333333333333,0.983804868326591,1.90191539158231,1.04026763847712,1.54270494015503,0.0863636363636364,0.238636363636364,0.467647058823529,0.64030612244898,0.890625,0.052710843373494,0.333333333333333,0.273809523809524,0.75,0.833333333333333,-30,-24,-20.8,-16.6,0,22,39,58.6,81,7.6,21,36.8,50,71.2,-3.5,-18,-17,-24,-26,37.7,33.91,-14.47,-14.47,0.96084241580614,0.0407533884325948,0.964069463382308,0.992831286599341,0.00722047491594813,0.971632018135585,18,Male,65,176,0,7,1
