Subjnr,Prec,Weekly,Mode,P,W1,W2,W3,W4,W5,W6,W7,W8,W9,W10,LAKW,AUC.G,AUC.L,Alpha.G,Alpha.L,Gamma.G,Gamma.L,DWG10,DWG30,DWG50,DWG70,DWG90,DWL10,DWL30,DWL50,DWL70,DWL90,SSL4,SSL3,SSL2,SSL1,RP,SSG1,SSG2,SSG3,SSG4,PBSG10,PBSG30,PBSG50,PBSG70,PBSG90,PBSL10,PBSL30,PBSL50,PBSL70,PBSL90,BDG05,BDG510,BDL05,BDL510,D5G,RG,BetaG,D5L,RL,BetaL,Age,Gender,Weight,Height,Cigarettes,Alcohol,Exercise
209,1,1,3,100,0,0,0,0,0,0,0,0,0,100,8.4,0.56875,0.666304347826087,0.729104462612693,0.525758554651119,0.766095759467599,0.873497823233726,0.142857142857143,0.403225806451613,0.596774193548387,0.596774193548387,0.795180722891566,0.34375,0.78515625,0.775390625,0.873046875,0.90234375,-23,-10.2,-6.5,-2.5,0,21,52,98.5,140,12,40,70,70,106,-4,-12,-11.5,-16.5,-18,68.81,68.81,-11.6,-11.6,0.997846601555798,0.00215804557618826,0.991414189051542,1.00050327151809,-0.000503018363270824,1.00201460627561,18,Male,75,186,0,7,2
