Subjnr,Prec,Weekly,Mode,P,W1,W2,W3,W4,W5,W6,W7,W8,W9,W10,LAKW,AUC.G,AUC.L,Alpha.G,Alpha.L,Gamma.G,Gamma.L,DWG10,DWG30,DWG50,DWG70,DWG90,DWL10,DWL30,DWL50,DWL70,DWL90,SSL4,SSL3,SSL2,SSL1,RP,SSG1,SSG2,SSG3,SSG4,PBSG10,PBSG30,PBSG50,PBSG70,PBSG90,PBSL10,PBSL30,PBSL50,PBSL70,PBSL90,BDG05,BDG510,BDL05,BDL510,D5G,RG,BetaG,D5L,RL,BetaL,Age,Gender,Weight,Height,Cigarettes,Alcohol,Exercise
33,2,1,3,50,0,0,0,0,0,0,0,0,0,200,1.58333333333333,0.607248520710059,0.625,0.616448464754296,0.590492302147024,0.621420365551545,0.861232194056913,0.223684210526316,0.4609375,0.584583333333333,0.57875,0.5875,0.166666666666667,0.546875,0.6390625,0.8,0.785714285714286,-90,-55,-23,-12,0,19,51,111,169,17,46,71.3,69.9,72,-8,-29,-40.8,-62,-60,165.36,82.86,-29.5,-46.4,0.997854001306405,0.00215061390823257,1.54229662490453,1.00323481804971,-0.00322438774204314,0.817124193769604,20,Female,63,168,12,30,1
