Subjnr,Prec,Weekly,Mode,P,W1,W2,W3,W4,W5,W6,W7,W8,W9,W10,LAKW,AUC.G,AUC.L,Alpha.G,Alpha.L,Gamma.G,Gamma.L,DWG10,DWG30,DWG50,DWG70,DWG90,DWL10,DWL30,DWL50,DWL70,DWL90,SSL4,SSL3,SSL2,SSL1,RP,SSG1,SSG2,SSG3,SSG4,PBSG10,PBSG30,PBSG50,PBSG70,PBSG90,PBSL10,PBSL30,PBSL50,PBSL70,PBSL90,BDG05,BDG510,BDL05,BDL510,D5G,RG,BetaG,D5L,RL,BetaL,Age,Gender,Weight,Height,Cigarettes,Alcohol,Exercise
164,2,2,3,100,20,20,20,20,20,20,20,20,20,20,5,0.469642857142857,0.470588235294118,1.15914594656239,1.12608566714332,3.01189880066184,5.36038065670485,0.055,0.225,0.342592592592593,0.560869565217391,0.342592592592593,0.2,0.14,0.2,0.314102564102564,0.442307692307692,-17,-13.6,-8.9,-5,0,25,38.5,50,70,5.5,22.5,30,41.3,30,-4,-2.8,-4,-6,-8,30,17,-9.3,-9.3,0.828619145882035,0.206827050726104,0.950055337805656,1.01904232171845,-0.0186864876095972,1.07837269820475,19,Female,70,168,0,0,2
