Subjnr,Prec,Weekly,Mode,P,W1,W2,W3,W4,W5,W6,W7,W8,W9,W10,LAKW,AUC.G,AUC.L,Alpha.G,Alpha.L,Gamma.G,Gamma.L,DWG10,DWG30,DWG50,DWG70,DWG90,DWL10,DWL30,DWL50,DWL70,DWL90,SSL4,SSL3,SSL2,SSL1,RP,SSG1,SSG2,SSG3,SSG4,PBSG10,PBSG30,PBSG50,PBSG70,PBSG90,PBSL10,PBSL30,PBSL50,PBSL70,PBSL90,BDG05,BDG510,BDL05,BDL510,D5G,RG,BetaG,D5L,RL,BetaL,Age,Gender,Weight,Height,Cigarettes,Alcohol,Exercise
7,2,2,4,100,30,28,26,23,21,19,17,14,12,10,1.66666666666667,0.790930599369085,0.520833333333333,0.287353652451144,0.899288478675854,0.869807328717162,1.32308867823318,0.352708333333333,0.750730519480519,0.839184253246753,0.819074675324675,0.913555194805195,0.0777777777777778,0.155555555555556,0.561023622047244,0.768055555555556,0.948611111111111,-74.4,-56.4,-31,-18,0,30,150,353,1585,79.3,356.6,792.5,693.4,1159,-5.6,-11.2,-37.2,-57.7,-70.7,768.6,793.5,-33.55,-37.2,1.00004835706882,-4.83547305275556e-05,0.994172696092362,1,0,0.935964912280702,18,Male,70,190,0,12,3
