Subjnr,Prec,Weekly,Mode,P,W1,W2,W3,W4,W5,W6,W7,W8,W9,W10,LAKW,AUC.G,AUC.L,Alpha.G,Alpha.L,Gamma.G,Gamma.L,DWG10,DWG30,DWG50,DWG70,DWG90,DWL10,DWL30,DWL50,DWL70,DWL90,SSL4,SSL3,SSL2,SSL1,RP,SSG1,SSG2,SSG3,SSG4,PBSG10,PBSG30,PBSG50,PBSG70,PBSG90,PBSL10,PBSL30,PBSL50,PBSL70,PBSL90,BDG05,BDG510,BDL05,BDL510,D5G,RG,BetaG,D5L,RL,BetaL,Age,Gender,Weight,Height,Cigarettes,Alcohol,Exercise
217,1,1,3,100,0,0,0,0,0,0,0,0,0,100,8.33333333333333,0.538079470198675,0.477150537634409,0.818922143154153,1.11238439275966,0.569021728887373,4.51396830834328,0.259765625,0.375,0.376953125,0.542763157894737,0.641447368421053,0.166666666666667,0.277777777777778,0.25,0.216666666666667,0.636363636363636,-9.3,-7,-4.8,-3,0,25,153,229,302,30,89,90,166,196,-2,-3.2,-3,-2.6,-6,147.28,147.28,-5,-3.65,0.997053554139382,0.00295515305911609,0.988266203573368,0.933833388754084,0.0708548356085177,1.16820527520929,19,Female,60,100,5,14,2
