Subjnr,Prec,Weekly,Mode,P,W1,W2,W3,W4,W5,W6,W7,W8,W9,W10,LAKW,AUC.G,AUC.L,Alpha.G,Alpha.L,Gamma.G,Gamma.L,DWG10,DWG30,DWG50,DWG70,DWG90,DWL10,DWL30,DWL50,DWL70,DWL90,SSL4,SSL3,SSL2,SSL1,RP,SSG1,SSG2,SSG3,SSG4,PBSG10,PBSG30,PBSG50,PBSG70,PBSG90,PBSL10,PBSL30,PBSL50,PBSL70,PBSL90,BDG05,BDG510,BDL05,BDL510,D5G,RG,BetaG,D5L,RL,BetaL,Age,Gender,Weight,Height,Cigarettes,Alcohol,Exercise
87,2,1,3,50,0,0,0,0,0,0,0,0,0,200,2.5,0.176075268817204,0.586538461538461,10.6836550542431,0.720718734273772,15.7147795523835,1.51938921913967,0.05,0.03,0.03,0.15,0.2,0.075,0.125,0.65,0.5,0.75,-52,-30,-20,-10,0,25,26,27,27.9,5,3,3,15,20,-3,-5,-26,-20,-30,26.46,26.46,-26,-26,1.3454271325513,-0.256741613272116,3.27673052213368,1,0,1,19,Male,77,190,5,0,3
