Subjnr,Prec,Weekly,Mode,P,W1,W2,W3,W4,W5,W6,W7,W8,W9,W10,LAKW,AUC.G,AUC.L,Alpha.G,Alpha.L,Gamma.G,Gamma.L,DWG10,DWG30,DWG50,DWG70,DWG90,DWL10,DWL30,DWL50,DWL70,DWL90,SSL4,SSL3,SSL2,SSL1,RP,SSG1,SSG2,SSG3,SSG4,PBSG10,PBSG30,PBSG50,PBSG70,PBSG90,PBSL10,PBSL30,PBSL50,PBSL70,PBSL90,BDG05,BDG510,BDL05,BDL510,D5G,RG,BetaG,D5L,RL,BetaL,Age,Gender,Weight,Height,Cigarettes,Alcohol,Exercise
139,2,1,3,80,0,0,0,0,0,0,0,0,0,200,1.1304347826087,0.750919117647059,0.6765625,0.356153176684128,0.520110513438589,0.855787471797547,0.985974533265218,0.412162162162162,0.703389830508475,0.818526170798898,0.830578512396694,0.888429752066116,0.0815217391304348,0.618055555555556,0.90530303030303,0.882575757575758,0.94949494949495,-160,-61,-43,-23,0,26,63,181,544,50,159,280.5,298,382,-7.5,-51.5,-122.5,-113.5,-140,211.5,195.5,-78.5,-38.5,0.986683955171293,0.0134957549060326,0.96153262509941,0.889261097952455,0.124529120077921,1.11919116539401,18,Male,82,190,0,5,4
