Subjnr,Prec,Weekly,Mode,P,W1,W2,W3,W4,W5,W6,W7,W8,W9,W10,LAKW,AUC.G,AUC.L,Alpha.G,Alpha.L,Gamma.G,Gamma.L,DWG10,DWG30,DWG50,DWG70,DWG90,DWL10,DWL30,DWL50,DWL70,DWL90,SSL4,SSL3,SSL2,SSL1,RP,SSG1,SSG2,SSG3,SSG4,PBSG10,PBSG30,PBSG50,PBSG70,PBSG90,PBSL10,PBSL30,PBSL50,PBSL70,PBSL90,BDG05,BDG510,BDL05,BDL510,D5G,RG,BetaG,D5L,RL,BetaL,Age,Gender,Weight,Height,Cigarettes,Alcohol,Exercise
134,1,2,3,47,10,10,10,10,10,10,10,10,10,10,9,0.40948275862069,0.517857142857143,1.39795030775297,0.935784751238786,0.415557813369028,2.63423661009889,0.104166666666667,0.547067901234568,0.398148148148148,0.574074074074074,0.111111111111111,0.11875,0.175,0.23125,0.84375,0.175,-14,-10,-6,-4,0,36,41.4,73.8,81.2,15,47.5,39.2,51,16,-1.9,-2.8,-3.7,-11.5,-2.8,19,39.3,-7.1,-7.2,0.972531888820021,0.0282439182670982,0.293049516706123,1.00440545696267,-0.0043861340379362,1.00667624225053,25,Male,74,181,0,15,4
