Subjnr,Prec,Weekly,Mode,P,W1,W2,W3,W4,W5,W6,W7,W8,W9,W10,LAKW,AUC.G,AUC.L,Alpha.G,Alpha.L,Gamma.G,Gamma.L,DWG10,DWG30,DWG50,DWG70,DWG90,DWL10,DWL30,DWL50,DWL70,DWL90,SSL4,SSL3,SSL2,SSL1,RP,SSG1,SSG2,SSG3,SSG4,PBSG10,PBSG30,PBSG50,PBSG70,PBSG90,PBSL10,PBSL30,PBSL50,PBSL70,PBSL90,BDG05,BDG510,BDL05,BDL510,D5G,RG,BetaG,D5L,RL,BetaL,Age,Gender,Weight,Height,Cigarettes,Alcohol,Exercise
137,2,1,3,70,0,0,0,0,0,0,0,0,0,200,1.38888888888889,0.590625,0.292647058823529,0.727273670591555,3.63008748128943,0.748143114810301,3.57530435393283,0.791666666666667,0.6,0.761904761904762,0.75,0.839285714285714,0.0972222222222222,0.138888888888889,0.25,0.381578947368421,0.625,-34,-31.8,-29.4,-18,0,25,28,38,80,45,32,40,38,53,-7,-10,-18,-24,-30.6,36.5,32.5,-18,-17,0.957284619006318,0.0446214011440207,0.976884232163588,1,0,1.05882352941176,20,Male,95,187,2,0,4
