Subjnr,Prec,Weekly,Mode,P,W1,W2,W3,W4,W5,W6,W7,W8,W9,W10,LAKW,AUC.G,AUC.L,Alpha.G,Alpha.L,Gamma.G,Gamma.L,DWG10,DWG30,DWG50,DWG70,DWG90,DWL10,DWL30,DWL50,DWL70,DWL90,SSL4,SSL3,SSL2,SSL1,RP,SSG1,SSG2,SSG3,SSG4,PBSG10,PBSG30,PBSG50,PBSG70,PBSG90,PBSL10,PBSL30,PBSL50,PBSL70,PBSL90,BDG05,BDG510,BDL05,BDL510,D5G,RG,BetaG,D5L,RL,BetaL,Age,Gender,Weight,Height,Cigarettes,Alcohol,Exercise
201,2,2,4,100,30,28,26,23,21,19,17,14,12,10,0.933014354066986,0.655317769130999,0.431686046511628,0.548610661324124,1.36551724999594,0.841389455460855,1.26891953006806,0.129487179487179,0.613165680473373,0.570266272189349,0.570266272189349,0.977301387137453,0.0514354066985646,0.0753588516746412,0.765625,0.837053571428571,0.924107142857143,-51.6,-40.4,-30.2,-20.9,0,19.5,41.1,74.9,154.2,10.1,56.4,50.6,50.6,147,-4.3,-6.3,-41.1,-44.3,-48.2,60.2,60.2,-20.2,-20.2,0.967379065628093,0.0337209430418339,0.875763295976892,0.912598892730783,0.09577165605328,0.69361703385056,19,Male,80,184,0,7,4
