Subjnr,Prec,Weekly,Mode,P,W1,W2,W3,W4,W5,W6,W7,W8,W9,W10,LAKW,AUC.G,AUC.L,Alpha.G,Alpha.L,Gamma.G,Gamma.L,DWG10,DWG30,DWG50,DWG70,DWG90,DWL10,DWL30,DWL50,DWL70,DWL90,SSL4,SSL3,SSL2,SSL1,RP,SSG1,SSG2,SSG3,SSG4,PBSG10,PBSG30,PBSG50,PBSG70,PBSG90,PBSL10,PBSL30,PBSL50,PBSL70,PBSL90,BDG05,BDG510,BDL05,BDL510,D5G,RG,BetaG,D5L,RL,BetaL,Age,Gender,Weight,Height,Cigarettes,Alcohol,Exercise
50,1,2,3,100,10,10,10,10,10,10,10,10,10,10,0.39375,0.5825,0.461734693877551,0.749484280628682,1.18865111408944,0.851342458758926,1.12644765177981,0.75,0.8125,0.875,0.9375,0.99875,0.0078125,0.2421875,0.909090909090909,0.909090909090909,0.888636363636364,-98,-76,-54,-32,0,12.6,14.2,20,40,20,25,30,35,39.9,-1,-31,-90,-90,-88.2,18.1,15,-49,-49,0.934489632120752,0.0701028300662649,0.953252521036041,1,0,1,19,Male,69,181,0,2,0
