Subjnr,Prec,Weekly,Mode,P,W1,W2,W3,W4,W5,W6,W7,W8,W9,W10,LAKW,AUC.G,AUC.L,Alpha.G,Alpha.L,Gamma.G,Gamma.L,DWG10,DWG30,DWG50,DWG70,DWG90,DWL10,DWL30,DWL50,DWL70,DWL90,SSL4,SSL3,SSL2,SSL1,RP,SSG1,SSG2,SSG3,SSG4,PBSG10,PBSG30,PBSG50,PBSG70,PBSG90,PBSL10,PBSL30,PBSL50,PBSL70,PBSL90,BDG05,BDG510,BDL05,BDL510,D5G,RG,BetaG,D5L,RL,BetaL,Age,Gender,Weight,Height,Cigarettes,Alcohol,Exercise
155,1,1,3,100,0,0,0,0,0,0,0,0,0,100,3.125,0.176724137931034,0.576219512195122,11.744166742167,0.672072020751172,16.0693134235623,0.736325465555377,0.19,0.1,0.19,0.19,0.19,0.386363636363636,0.675,0.508333333333333,0.863636363636364,0.658333333333333,-82,-60,-30,-8,0,25,27.5,28.5,29,19,10,19,19,19,-20,-51,-31,-70,-49,14.5,14.5,-38,-38,1,0,1,0.991402735298801,0.00867181862132771,0.966051882623243,23,Male,80,193,8,25,3
