Subjnr,Prec,Weekly,Mode,P,W1,W2,W3,W4,W5,W6,W7,W8,W9,W10,LAKW,AUC.G,AUC.L,Alpha.G,Alpha.L,Gamma.G,Gamma.L,DWG10,DWG30,DWG50,DWG70,DWG90,DWL10,DWL30,DWL50,DWL70,DWL90,SSL4,SSL3,SSL2,SSL1,RP,SSG1,SSG2,SSG3,SSG4,PBSG10,PBSG30,PBSG50,PBSG70,PBSG90,PBSL10,PBSL30,PBSL50,PBSL70,PBSL90,BDG05,BDG510,BDL05,BDL510,D5G,RG,BetaG,D5L,RL,BetaL,Age,Gender,Weight,Height,Cigarettes,Alcohol,Exercise
101,2,2,3,100,20,20,20,20,20,20,20,20,20,20,0.147727272727273,0.71195652173913,0.750949691991786,0.412277821082575,0.355508204131083,0.845448047077879,1.09156972867357,0.427083333333333,0.817307692307692,0.898076923076923,0.969230769230769,0.742063492063492,0.256821282401091,0.159090909090909,0.819210122699387,0.891679447852761,0.95226226993865,-1948,-644,-234.6,-88,0,13,37,100,230,30,135,177,214,98,-92,-56,-1005,-1383,-1699,115,115,-1003.44,-974,1,0,1,1,0,1.00694012258369,20,Female,42,151,4,0,0
