Subjnr,Prec,Weekly,Mode,P,W1,W2,W3,W4,W5,W6,W7,W8,W9,W10,LAKW,AUC.G,AUC.L,Alpha.G,Alpha.L,Gamma.G,Gamma.L,DWG10,DWG30,DWG50,DWG70,DWG90,DWL10,DWL30,DWL50,DWL70,DWL90,SSL4,SSL3,SSL2,SSL1,RP,SSG1,SSG2,SSG3,SSG4,PBSG10,PBSG30,PBSG50,PBSG70,PBSG90,PBSL10,PBSL30,PBSL50,PBSL70,PBSL90,BDG05,BDG510,BDL05,BDL510,D5G,RG,BetaG,D5L,RL,BetaL,Age,Gender,Weight,Height,Cigarettes,Alcohol,Exercise
25,1,1,3,66,0,0,0,0,0,0,0,0,0,100,3.33333333333333,0.662390029325513,0.603144989339019,0.527068800585927,0.64088189069952,0.974455803176413,0.783601467907913,0.1625,0.385,0.622222222222222,0.75,0.948830409356725,0.683333333333333,0.436111111111111,0.733333333333333,0.779585798816568,0.865384615384615,-46.9,-30,-15,-6,0,20,40,85,170.5,13,30.8,62,85,153,-26,-12.7,-29,-32,-37.8,71.9,71.3,-25.6,-25,0.978635103784554,0.0218313201037084,0.921777417913222,1.00793547190465,-0.00787299596635205,1.04760354652188,19,Male,72,185,8,7,2
