Subjnr,Prec,Weekly,Mode,P,W1,W2,W3,W4,W5,W6,W7,W8,W9,W10,LAKW,AUC.G,AUC.L,Alpha.G,Alpha.L,Gamma.G,Gamma.L,DWG10,DWG30,DWG50,DWG70,DWG90,DWL10,DWL30,DWL50,DWL70,DWL90,SSL4,SSL3,SSL2,SSL1,RP,SSG1,SSG2,SSG3,SSG4,PBSG10,PBSG30,PBSG50,PBSG70,PBSG90,PBSL10,PBSL30,PBSL50,PBSL70,PBSL90,BDG05,BDG510,BDL05,BDL510,D5G,RG,BetaG,D5L,RL,BetaL,Age,Gender,Weight,Height,Cigarettes,Alcohol,Exercise
14,2,2,3,100,20,20,20,20,20,20,20,20,20,20,0.980392156862745,0.5,0.509009009009009,1,0.958064177815366,0.965597502149978,0.960533132049736,0.12,0.31,0.51,0.7,0.9,0.108823529411765,0.315789473684211,0.508620689655172,0.706896551724138,0.883928571428571,-111,-83,-54,-25.5,0,25,50,75,100,12,31,51,70,90,-11.1,-33,-55,-78,-98,47.5,47.5,-56.23,-56.23,0.989793781686989,0.0103114593179361,0.959795886352039,1.00244182731685,-0.00243587932018918,1.00980314266462,22,Male,83,181,0,16,4
