Subjnr,Prec,Weekly,Mode,P,W1,W2,W3,W4,W5,W6,W7,W8,W9,W10,LAKW,AUC.G,AUC.L,Alpha.G,Alpha.L,Gamma.G,Gamma.L,DWG10,DWG30,DWG50,DWG70,DWG90,DWL10,DWL30,DWL50,DWL70,DWL90,SSL4,SSL3,SSL2,SSL1,RP,SSG1,SSG2,SSG3,SSG4,PBSG10,PBSG30,PBSG50,PBSG70,PBSG90,PBSL10,PBSL30,PBSL50,PBSL70,PBSL90,BDG05,BDG510,BDL05,BDL510,D5G,RG,BetaG,D5L,RL,BetaL,Age,Gender,Weight,Height,Cigarettes,Alcohol,Exercise
154,2,1,3,100,0,0,0,0,0,0,0,0,0,200,3.07142857142857,0.421818181818182,0.54014598540146,1.43789857802212,0.855383770027939,2.03615526405983,2.46397143475176,0.116279069767442,0.174418604651163,0.25,0.794776119402985,0.67,0.178571428571429,0.442307692307692,0.214285714285714,0.474358974358974,0.779069767441861,-27.4,-18.8,-10.9,-7,0,21.5,36.6,41.6,55,10,15,21.5,44,40,-5,-10,-6,-10.5,-19.8,27.5,25.92,-12,-13.7,0.984553842796278,0.0156884839937779,1.01568848399378,1,0,0.908602150537634,25,Female,72,178,0,0,4
