Subjnr,Prec,Weekly,Mode,P,W1,W2,W3,W4,W5,W6,W7,W8,W9,W10,LAKW,AUC.G,AUC.L,Alpha.G,Alpha.L,Gamma.G,Gamma.L,DWG10,DWG30,DWG50,DWG70,DWG90,DWL10,DWL30,DWL50,DWL70,DWL90,SSL4,SSL3,SSL2,SSL1,RP,SSG1,SSG2,SSG3,SSG4,PBSG10,PBSG30,PBSG50,PBSG70,PBSG90,PBSL10,PBSL30,PBSL50,PBSL70,PBSL90,BDG05,BDG510,BDL05,BDL510,D5G,RG,BetaG,D5L,RL,BetaL,Age,Gender,Weight,Height,Cigarettes,Alcohol,Exercise
89,2,2,3,81,20,20,20,20,20,20,20,20,20,20,4.22222222222222,0.309850863422292,0.367857142857143,2.6332408254461,1.87066758284987,1.23344696503028,4.37774608221148,0.0657894736842105,0.201315789473684,0.588541666666667,0.71875,0.961864406779661,0.0333333333333333,0.0833333333333333,0.155555555555556,0.177777777777778,0.808333333333333,-17.5,-14.5,-12,-9,0,38,48.2,57.8,63.7,10,30.6,51.6,56.6,62.8,-1.2,-3,-5.6,-6.4,-15.2,30.9,29.5,-8.3,-8.5,0.984787473795341,0.0154475220384658,0.985159448382687,0.994219265741487,0.00581434544441439,0.954086750535845,19,Male,69,174,0,5,6
