Subjnr,Prec,Weekly,Mode,P,W1,W2,W3,W4,W5,W6,W7,W8,W9,W10,LAKW,AUC.G,AUC.L,Alpha.G,Alpha.L,Gamma.G,Gamma.L,DWG10,DWG30,DWG50,DWG70,DWG90,DWL10,DWL30,DWL50,DWL70,DWL90,SSL4,SSL3,SSL2,SSL1,RP,SSG1,SSG2,SSG3,SSG4,PBSG10,PBSG30,PBSG50,PBSG70,PBSG90,PBSL10,PBSL30,PBSL50,PBSL70,PBSL90,BDG05,BDG510,BDL05,BDL510,D5G,RG,BetaG,D5L,RL,BetaL,Age,Gender,Weight,Height,Cigarettes,Alcohol,Exercise
156,2,1,3,50,0,0,0,0,0,0,0,0,0,200,1.05,0.680538237738986,0.637350299401198,0.463547764410414,0.596688213228177,0.843275673091862,0.604766326434346,0.212797619047619,0.599771391247551,0.799402475458813,0.742161985630307,0.789799402475459,0.765196078431372,0.282918149466192,0.494661921708185,0.472419928825623,0.826470588235294,-200.4,-98.4,-60.1,-32,0,33.6,93.8,246.9,481.2,28.6,154.9,293.2,242.1,284.2,-104.6,-35.7,-59.5,-57,-129.6,188,188,-59.5,-59.5,0.975616582445324,0.0249928281185634,0.905976000835922,0.919051833048551,0.0880779125187525,0.713444217541588,18,Male,70,183,0,10,3
