Subjnr,Prec,Weekly,Mode,P,W1,W2,W3,W4,W5,W6,W7,W8,W9,W10,LAKW,AUC.G,AUC.L,Alpha.G,Alpha.L,Gamma.G,Gamma.L,DWG10,DWG30,DWG50,DWG70,DWG90,DWL10,DWL30,DWL50,DWL70,DWL90,SSL4,SSL3,SSL2,SSL1,RP,SSG1,SSG2,SSG3,SSG4,PBSG10,PBSG30,PBSG50,PBSG70,PBSG90,PBSL10,PBSL30,PBSL50,PBSL70,PBSL90,BDG05,BDG510,BDL05,BDL510,D5G,RG,BetaG,D5L,RL,BetaL,Age,Gender,Weight,Height,Cigarettes,Alcohol,Exercise
194,1,1,3,40,0,0,0,0,0,0,0,0,0,100,1,0.512096774193548,0.449052812858783,0.953062289378129,1.18551459240151,1.06139923357836,2.44995473823123,0.22,0.292647058823529,0.485294117647059,0.904,0.907,0.065,0.2625,0.460227272727273,0.485227272727273,0.490909090909091,-87.1,-76.4,-47,-25,0,25,42,68,93,22,27.9,41,83.4,83.7,-6.5,-26.1,-43.5,-45.7,-46.2,46.05,46.95,-32.7,-43.5,1.00158786968029,-0.00158535234736767,0.990462672582833,0.999753269153277,0.000246791737857244,0.732609857327111,19,Male,77,200,0,7,4
