Subjnr,Prec,Weekly,Mode,P,W1,W2,W3,W4,W5,W6,W7,W8,W9,W10,LAKW,AUC.G,AUC.L,Alpha.G,Alpha.L,Gamma.G,Gamma.L,DWG10,DWG30,DWG50,DWG70,DWG90,DWL10,DWL30,DWL50,DWL70,DWL90,SSL4,SSL3,SSL2,SSL1,RP,SSG1,SSG2,SSG3,SSG4,PBSG10,PBSG30,PBSG50,PBSG70,PBSG90,PBSL10,PBSL30,PBSL50,PBSL70,PBSL90,BDG05,BDG510,BDL05,BDL510,D5G,RG,BetaG,D5L,RL,BetaL,Age,Gender,Weight,Height,Cigarettes,Alcohol,Exercise
180,2,2,3,100,20,20,20,20,20,20,20,20,20,20,1,0.5,0.5,1,1,0.971404836953916,1,0.1,0.3,0.5,0.7,0.88,0.1,0.3,0.5,0.7,0.9,-100,-75,-50,-25,0,25,50,75,100,10,30,50,70,88,-10,-30,-50,-70,-90,50.56,49.44,-49.44,-49.44,0.997749896830212,0.00225517755194571,1.01348043554053,0.997749896830212,0.00225517755194571,0.991029919563364,18,Male,72,177,0,14,2
