Subjnr,Prec,Weekly,Mode,P,W1,W2,W3,W4,W5,W6,W7,W8,W9,W10,LAKW,AUC.G,AUC.L,Alpha.G,Alpha.L,Gamma.G,Gamma.L,DWG10,DWG30,DWG50,DWG70,DWG90,DWL10,DWL30,DWL50,DWL70,DWL90,SSL4,SSL3,SSL2,SSL1,RP,SSG1,SSG2,SSG3,SSG4,PBSG10,PBSG30,PBSG50,PBSG70,PBSG90,PBSL10,PBSL30,PBSL50,PBSL70,PBSL90,BDG05,BDG510,BDL05,BDL510,D5G,RG,BetaG,D5L,RL,BetaL,Age,Gender,Weight,Height,Cigarettes,Alcohol,Exercise
218,2,2,2,90,10,12,14,17,19,21,23,26,28,30,1.20588235294118,0.658390410958904,0.653089887640449,0.552884111538156,0.551650292159486,0.800594811860263,0.857058108266432,0.846820809248555,0.919075144508671,0.954913294797688,0.809248554913295,0.947976878612717,0.505198487712665,0.466446124763705,0.561909262759924,0.803443794671865,0.990740740740741,-293.7,-139.8,-86.9,-34,0,41,93,119,292,186,236,260.8,160,256,-88,-79.8,-100,-172.7,-288,105.6,123.5,-152.44,-152.44,0.991618929561151,0.00845190646225191,0.793903692324657,1.00237377031253,-0.00236814887104864,1.00952894349761,21,Male,63,172,0,2,2
