Subjnr,Prec,Weekly,Mode,P,W1,W2,W3,W4,W5,W6,W7,W8,W9,W10,LAKW,AUC.G,AUC.L,Alpha.G,Alpha.L,Gamma.G,Gamma.L,DWG10,DWG30,DWG50,DWG70,DWG90,DWL10,DWL30,DWL50,DWL70,DWL90,SSL4,SSL3,SSL2,SSL1,RP,SSG1,SSG2,SSG3,SSG4,PBSG10,PBSG30,PBSG50,PBSG70,PBSG90,PBSL10,PBSL30,PBSL50,PBSL70,PBSL90,BDG05,BDG510,BDL05,BDL510,D5G,RG,BetaG,D5L,RL,BetaL,Age,Gender,Weight,Height,Cigarettes,Alcohol,Exercise
187,2,2,1,48,0,4,9,13,18,22,27,31,36,40,3.125,0.452538883806038,0.559315286624204,1.15067009856778,0.777025182673678,2.00843639258493,1.25721442512976,0.0125,0.019375,0.505353319057816,0.665952890792291,0.649892933618844,0.05859375,0.1953125,0.573170731707317,0.825129533678756,0.920984455958549,-62.8,-43.5,-23,-12.8,0,40,49,95.7,109.3,2,3.1,50,80,77,-3,-10,-29,-49.3,-56.7,56.4,56.4,-36.3,-34.3,1.00350885817874,-0.00349658914332418,1.0141094781863,1.01147452240573,-0.0113443513915079,1.08672068257978,17,Female,60,171,0,0,3
