Subjnr,Prec,Weekly,Mode,P,W1,W2,W3,W4,W5,W6,W7,W8,W9,W10,LAKW,AUC.G,AUC.L,Alpha.G,Alpha.L,Gamma.G,Gamma.L,DWG10,DWG30,DWG50,DWG70,DWG90,DWL10,DWL30,DWL50,DWL70,DWL90,SSL4,SSL3,SSL2,SSL1,RP,SSG1,SSG2,SSG3,SSG4,PBSG10,PBSG30,PBSG50,PBSG70,PBSG90,PBSL10,PBSL30,PBSL50,PBSL70,PBSL90,BDG05,BDG510,BDL05,BDL510,D5G,RG,BetaG,D5L,RL,BetaL,Age,Gender,Weight,Height,Cigarettes,Alcohol,Exercise
27,1,2,2,100,5,6,7,8,9,11,12,13,14,15,3.25,0.595496894409938,0.517857142857143,0.676569702151236,0.94793574888683,0.612991717351493,13.6609287483921,0.462962962962963,0.490740740740741,0.635416666666667,0.37037037037037,0.758333333333333,0.0625,0.15625,0.285714285714286,0.321428571428571,0.21875,-28,-17,-15,-8,0,26,53,101,161,49,52,79,39,103,-2,-5,-9,-10,-7,78.98,78.6,-13.8,-13.8,0.996903965323469,0.0031056498762414,0.990759734185457,0.996903965323469,0.0031056498762414,0.987673255262761,19,Female,60,174,0,10,1
