Subjnr,Prec,Weekly,Mode,P,W1,W2,W3,W4,W5,W6,W7,W8,W9,W10,LAKW,AUC.G,AUC.L,Alpha.G,Alpha.L,Gamma.G,Gamma.L,DWG10,DWG30,DWG50,DWG70,DWG90,DWL10,DWL30,DWL50,DWL70,DWL90,SSL4,SSL3,SSL2,SSL1,RP,SSG1,SSG2,SSG3,SSG4,PBSG10,PBSG30,PBSG50,PBSG70,PBSG90,PBSL10,PBSL30,PBSL50,PBSL70,PBSL90,BDG05,BDG510,BDL05,BDL510,D5G,RG,BetaG,D5L,RL,BetaL,Age,Gender,Weight,Height,Cigarettes,Alcohol,Exercise
92,2,1,3,50,0,0,0,0,0,0,0,0,0,200,2.4,0.588461538461538,0.558035714285714,0.713703213921335,0.767591303614378,0.828588513989406,0.684968945574565,0.403846153846154,0.5,0.65,0.772727272727273,0.872727272727273,0.25,0.318181818181818,0.539473684210526,0.618421052631579,0.723684210526316,-56,-40,-21,-10,0,24,50,75,130,40,50,65,80,102,-10,-13,-24,-30,-38,61,61.1,-26.1,-28.12,0.987701175684147,0.0124519688936626,0.95014723234636,1.00053276535297,-0.000532481665188711,0.957267778671786,18,Male,70,188,0,10,0
