Subjnr,Prec,Weekly,Mode,P,W1,W2,W3,W4,W5,W6,W7,W8,W9,W10,LAKW,AUC.G,AUC.L,Alpha.G,Alpha.L,Gamma.G,Gamma.L,DWG10,DWG30,DWG50,DWG70,DWG90,DWL10,DWL30,DWL50,DWL70,DWL90,SSL4,SSL3,SSL2,SSL1,RP,SSG1,SSG2,SSG3,SSG4,PBSG10,PBSG30,PBSG50,PBSG70,PBSG90,PBSL10,PBSL30,PBSL50,PBSL70,PBSL90,BDG05,BDG510,BDL05,BDL510,D5G,RG,BetaG,D5L,RL,BetaL,Age,Gender,Weight,Height,Cigarettes,Alcohol,Exercise
196,1,1,3,50,0,0,0,0,0,0,0,0,0,100,1.3696682464455,0.683864129363045,0.599364069952305,0.455661518859244,0.672557395524235,0.874678968266325,0.530660396376626,0.452634880803011,0.518008474576271,0.60204802259887,0.856558972362787,0.952218762164266,0.0604265402843602,0.238151658767773,0.653954802259887,0.904158215010142,0.125592417061611,-125.8,-76.5,-41.1,-21.1,0,28.9,108.6,250.2,507.1,93.5,118.8,166.4,359.7,458,-5.1,-20.1,-62.9,-106.9,-10.6,198.1,150.6,-57,-64.9,0.947145007885307,0.0558045406718692,0.922305405788373,1.00428281201856,-0.00426454776215168,0.932292264676257,20,Female,70,160,0,1,2
