Subjnr,Prec,Weekly,Mode,P,W1,W2,W3,W4,W5,W6,W7,W8,W9,W10,LAKW,AUC.G,AUC.L,Alpha.G,Alpha.L,Gamma.G,Gamma.L,DWG10,DWG30,DWG50,DWG70,DWG90,DWL10,DWL30,DWL50,DWL70,DWL90,SSL4,SSL3,SSL2,SSL1,RP,SSG1,SSG2,SSG3,SSG4,PBSG10,PBSG30,PBSG50,PBSG70,PBSG90,PBSL10,PBSL30,PBSL50,PBSL70,PBSL90,BDG05,BDG510,BDL05,BDL510,D5G,RG,BetaG,D5L,RL,BetaL,Age,Gender,Weight,Height,Cigarettes,Alcohol,Exercise
51,2,1,3,100,0,0,0,0,0,0,0,0,0,200,1.6,0.406413612565445,0.506147540983606,1.57517518369226,0.960019287250536,2.47327612084036,0.652012533219081,0.257575757575758,0.310606060606061,0.424242424242424,0.424242424242424,0.602941176470588,0.375,0.1075,0.520833333333333,0.65625,0.707291666666667,-61,-47,-23,-20,0,32,65,82,95.5,33,40,55,55,72,-21.5,-8.6,-25,-38,-42.9,35.1,34.3,-30.45,-30.45,0.93747569509942,0.0666943209593815,0.78990082023864,0.999819754854906,0.000180277639263426,0.999279214326075,19,Male,90,185,0,10,0
