Subjnr,Prec,Weekly,Mode,P,W1,W2,W3,W4,W5,W6,W7,W8,W9,W10,LAKW,AUC.G,AUC.L,Alpha.G,Alpha.L,Gamma.G,Gamma.L,DWG10,DWG30,DWG50,DWG70,DWG90,DWL10,DWL30,DWL50,DWL70,DWL90,SSL4,SSL3,SSL2,SSL1,RP,SSG1,SSG2,SSG3,SSG4,PBSG10,PBSG30,PBSG50,PBSG70,PBSG90,PBSL10,PBSL30,PBSL50,PBSL70,PBSL90,BDG05,BDG510,BDL05,BDL510,D5G,RG,BetaG,D5L,RL,BetaL,Age,Gender,Weight,Height,Cigarettes,Alcohol,Exercise
39,2,2,2,100,10,12,14,17,19,21,23,26,28,30,1.54037267080745,0.436594202898551,0.469020172910663,1.33213781209135,1.11219385249233,0.763261471595959,2.60727212909179,0.19758064516129,0.74375,0.23991935483871,0.854651162790698,0.767441860465116,0.260180995475113,0.291855203619909,0.385746606334842,0.427601809954751,0.628712871287129,-69.4,-58.4,-38.2,-16.1,0,24.8,34,38,55.2,19.6,37.9,23.8,45.2,39.2,-17,-19.8,-28.1,-31.8,-48.6,25.8,32.1,-37.5,-36.1,1.06576275663547,-0.0617048740219465,0.797550857081345,1.00678685668323,-0.00674110576452269,1.06159120145561,18,Male,60,180,0,2,4
