Subjnr,Prec,Weekly,Mode,P,W1,W2,W3,W4,W5,W6,W7,W8,W9,W10,LAKW,AUC.G,AUC.L,Alpha.G,Alpha.L,Gamma.G,Gamma.L,DWG10,DWG30,DWG50,DWG70,DWG90,DWL10,DWL30,DWL50,DWL70,DWL90,SSL4,SSL3,SSL2,SSL1,RP,SSG1,SSG2,SSG3,SSG4,PBSG10,PBSG30,PBSG50,PBSG70,PBSG90,PBSL10,PBSL30,PBSL50,PBSL70,PBSL90,BDG05,BDG510,BDL05,BDL510,D5G,RG,BetaG,D5L,RL,BetaL,Age,Gender,Weight,Height,Cigarettes,Alcohol,Exercise
186,2,2,2,50,10,12,14,17,19,21,23,26,28,30,4.8,0.480367793240557,0.3859375,1.10694741330804,1.71891286591611,0.685076379114125,2.29373535166692,0.426470588235294,0.751700680272109,0.450980392156863,0.490196078431373,0.897959183673469,0.0428571428571429,0.142857142857143,0.232142857142857,0.65,0.826923076923077,-16,-13.4,-10.9,-7,0,33.6,54,71.2,100.6,48,71.4,50,53.2,88.6,-1.2,-4,-6.5,-12.4,-14.2,42.8,39.7,-6.8,-7.5,0.93491987614847,0.0696103757250688,0.853381863112184,0.978703900824001,0.0217594914642412,0.790001799231244,18,Female,54,155,0,1,2
