Subjnr,Prec,Weekly,Mode,P,W1,W2,W3,W4,W5,W6,W7,W8,W9,W10,LAKW,AUC.G,AUC.L,Alpha.G,Alpha.L,Gamma.G,Gamma.L,DWG10,DWG30,DWG50,DWG70,DWG90,DWL10,DWL30,DWL50,DWL70,DWL90,SSL4,SSL3,SSL2,SSL1,RP,SSG1,SSG2,SSG3,SSG4,PBSG10,PBSG30,PBSG50,PBSG70,PBSG90,PBSL10,PBSL30,PBSL50,PBSL70,PBSL90,BDG05,BDG510,BDL05,BDL510,D5G,RG,BetaG,D5L,RL,BetaL,Age,Gender,Weight,Height,Cigarettes,Alcohol,Exercise
211,2,2,1,100,0,4,9,13,18,22,27,31,36,40,1.06382978723404,0.5,0.5,1,1,0.973776094557781,1.15406248045027,0.12,0.3,0.5,0.7,0.9,0.117021276595745,0.208510638297872,0.776595744680851,0.925531914893617,0.98936170212766,-94,-70.5,-47,-23.5,0,25,50,75,100,12,30,50,70,90,-11,-19.6,-73,-87,-93,40.06,40.06,-49.47,-3.41,0.956639233551291,0.0453261427379923,0.837515305561679,0.591740513438945,0.689929922472984,1.77874113329231,20,Male,89,189,1,35,3
