Subjnr,Prec,Weekly,Mode,P,W1,W2,W3,W4,W5,W6,W7,W8,W9,W10,LAKW,AUC.G,AUC.L,Alpha.G,Alpha.L,Gamma.G,Gamma.L,DWG10,DWG30,DWG50,DWG70,DWG90,DWL10,DWL30,DWL50,DWL70,DWL90,SSL4,SSL3,SSL2,SSL1,RP,SSG1,SSG2,SSG3,SSG4,PBSG10,PBSG30,PBSG50,PBSG70,PBSG90,PBSL10,PBSL30,PBSL50,PBSL70,PBSL90,BDG05,BDG510,BDL05,BDL510,D5G,RG,BetaG,D5L,RL,BetaL,Age,Gender,Weight,Height,Cigarettes,Alcohol,Exercise
95,2,2,4,80,30,28,26,23,21,19,17,14,12,10,2,0.543367346938775,0.5,0.826506318079693,1.02482339844492,0.760276980117418,0.946371066837877,0.233333333333333,0.672222222222222,0.722222222222222,0.655555555555556,0.733333333333333,0.166666666666667,0.428571428571429,0.790322580645161,0.790322580645161,0.870967741935484,-43,-27.5,-22,-15,0,30,60,105,147,28,91,100,88,102,-10,-20,-30,-30,-35,72.2,72.2,-21.17,-21.17,0.997475205681032,0.00253118504057892,0.989939005904804,0.995062595315126,0.00496190361100912,0.980396168189407,18,Male,77,187,0,10,3
