Subjnr,Prec,Weekly,Mode,P,W1,W2,W3,W4,W5,W6,W7,W8,W9,W10,LAKW,AUC.G,AUC.L,Alpha.G,Alpha.L,Gamma.G,Gamma.L,DWG10,DWG30,DWG50,DWG70,DWG90,DWL10,DWL30,DWL50,DWL70,DWL90,SSL4,SSL3,SSL2,SSL1,RP,SSG1,SSG2,SSG3,SSG4,PBSG10,PBSG30,PBSG50,PBSG70,PBSG90,PBSL10,PBSL30,PBSL50,PBSL70,PBSL90,BDG05,BDG510,BDL05,BDL510,D5G,RG,BetaG,D5L,RL,BetaL,Age,Gender,Weight,Height,Cigarettes,Alcohol,Exercise
31,2,1,3,100,0,0,0,0,0,0,0,0,0,200,1.59235668789809,0.494651741293532,0.20375,0.99148124468996,6.14039875322074,0.923038541801261,5.95662614568941,0.101,0.307954545454545,0.524336283185841,0.671828908554572,0.872448979591837,0.0318471337579618,0.0955414012738854,0.159235668789809,0.222929936305732,0.5,-20,-20,-18,-15.7,0,25,47,80.9,100.5,10.1,30.1,50.3,70.3,90.5,-2,-6,-10,-14,-18,45.5,50.3,-10,-10,1.00014070635143,-0.000140686555935132,0.921596382729535,1,0,1,22,Female,54,155,1,6,4
