Subjnr,Prec,Weekly,Mode,P,W1,W2,W3,W4,W5,W6,W7,W8,W9,W10,LAKW,AUC.G,AUC.L,Alpha.G,Alpha.L,Gamma.G,Gamma.L,DWG10,DWG30,DWG50,DWG70,DWG90,DWL10,DWL30,DWL50,DWL70,DWL90,SSL4,SSL3,SSL2,SSL1,RP,SSG1,SSG2,SSG3,SSG4,PBSG10,PBSG30,PBSG50,PBSG70,PBSG90,PBSL10,PBSL30,PBSL50,PBSL70,PBSL90,BDG05,BDG510,BDL05,BDL510,D5G,RG,BetaG,D5L,RL,BetaL,Age,Gender,Weight,Height,Cigarettes,Alcohol,Exercise
82,2,1,3,81,0,0,0,0,0,0,0,0,0,200,1.4,0.487244897959184,0.529699738903394,1.06209358640912,0.873792204105173,1.89624114591048,0.962217201014291,0.0476190476190476,0.307142857142857,0.442857142857143,0.478571428571429,0.75,0.05,0.677884615384615,0.836538461538462,0.861778846153846,0.907451923076923,-76.6,-55.8,-35,-15,0,21,56,75,98,4,29,48,53,75,-3,-49.8,-63,-65.1,-68.9,16.8,12.4,-3.2,-9.6,0.800176839791355,0.249723748891244,0.555432777284997,0.784150445607347,0.275265487129158,0.126030691645608,19,Female,64,175,0,0,4
