Subjnr,Prec,Weekly,Mode,P,W1,W2,W3,W4,W5,W6,W7,W8,W9,W10,LAKW,AUC.G,AUC.L,Alpha.G,Alpha.L,Gamma.G,Gamma.L,DWG10,DWG30,DWG50,DWG70,DWG90,DWL10,DWL30,DWL50,DWL70,DWL90,SSL4,SSL3,SSL2,SSL1,RP,SSG1,SSG2,SSG3,SSG4,PBSG10,PBSG30,PBSG50,PBSG70,PBSG90,PBSL10,PBSL30,PBSL50,PBSL70,PBSL90,BDG05,BDG510,BDL05,BDL510,D5G,RG,BetaG,D5L,RL,BetaL,Age,Gender,Weight,Height,Cigarettes,Alcohol,Exercise
202,2,2,2,1,10,12,14,17,19,21,23,26,28,30,7.14285714285714,0.613911290322581,0.489189189189189,0.659980174202989,1.04589211375719,0.8812614527362,0.632108929868237,0.796153846153846,0.439024390243902,0.915384615384615,0.944230769230769,1,0.482142857142857,0.5,0.178571428571429,0.4375,1,-37,-29.1,-21,-7,0,50,91,118,248,142,81,204,219,248,-20,-21,-5,-17.5,-37,121.12,121.12,-18.08,-18.5,0.998541204581661,0.00146092661138653,0.994177574417849,1,0,0.983529411764706,17,Male,70,177,0,4,3
