Subjnr,Prec,Weekly,Mode,P,W1,W2,W3,W4,W5,W6,W7,W8,W9,W10,LAKW,AUC.G,AUC.L,Alpha.G,Alpha.L,Gamma.G,Gamma.L,DWG10,DWG30,DWG50,DWG70,DWG90,DWL10,DWL30,DWL50,DWL70,DWL90,SSL4,SSL3,SSL2,SSL1,RP,SSG1,SSG2,SSG3,SSG4,PBSG10,PBSG30,PBSG50,PBSG70,PBSG90,PBSL10,PBSL30,PBSL50,PBSL70,PBSL90,BDG05,BDG510,BDL05,BDL510,D5G,RG,BetaG,D5L,RL,BetaL,Age,Gender,Weight,Height,Cigarettes,Alcohol,Exercise
188,1,1,3,80,0,0,0,0,0,0,0,0,0,100,1.54,0.658447857720291,0.554591836734694,0.492406785092267,0.802586771668461,0.833219060844795,0.906735510732768,0.745397159389795,0.748553392951078,0.876893014167074,0.881778212017587,0.957254518808012,0.29,0.35,0.6953125,0.799382716049383,0.860493827160494,-122.5,-82,-50,-25,0,38.5,100,290.1,494.8,286.6,289,394,398,459.8,-29,-35,-75,-90,-99.9,232,232,-25,-29.4,0.994092866710428,0.00594223486294565,0.9765800089022,0.870582953464882,0.148655617503242,0.488464847310349,18,Male,63,176,5,3,3
