Subjnr,Prec,Weekly,Mode,P,W1,W2,W3,W4,W5,W6,W7,W8,W9,W10,LAKW,AUC.G,AUC.L,Alpha.G,Alpha.L,Gamma.G,Gamma.L,DWG10,DWG30,DWG50,DWG70,DWG90,DWL10,DWL30,DWL50,DWL70,DWL90,SSL4,SSL3,SSL2,SSL1,RP,SSG1,SSG2,SSG3,SSG4,PBSG10,PBSG30,PBSG50,PBSG70,PBSG90,PBSL10,PBSL30,PBSL50,PBSL70,PBSL90,BDG05,BDG510,BDL05,BDL510,D5G,RG,BetaG,D5L,RL,BetaL,Age,Gender,Weight,Height,Cigarettes,Alcohol,Exercise
60,2,1,3,85,0,0,0,0,0,0,0,0,0,200,1.12612612612613,0.578044754218635,0.641843118383061,0.734930830300603,0.548089441689725,1.03018642723022,1.20328630561095,0.1,0.389405204460967,0.482342007434944,0.754873294346979,0.969298245614035,0.0844594594594595,0.191441441441441,0.657394366197183,0.832947976878613,0.96878612716763,-207.8,-121.3,-50.3,-22.2,0,25,51.9,85,136.3,10,40,50,86,130,-7.5,-17,-95,-150,-197,67.02,62.76,-106.15,-100,0.986569463447401,0.013613371435264,0.999721520498674,0.995980080087365,0.004036144891856,1.01558564042359,19,Male,87,189,0,7,4
