Subjnr,Prec,Weekly,Mode,P,W1,W2,W3,W4,W5,W6,W7,W8,W9,W10,LAKW,AUC.G,AUC.L,Alpha.G,Alpha.L,Gamma.G,Gamma.L,DWG10,DWG30,DWG50,DWG70,DWG90,DWL10,DWL30,DWL50,DWL70,DWL90,SSL4,SSL3,SSL2,SSL1,RP,SSG1,SSG2,SSG3,SSG4,PBSG10,PBSG30,PBSG50,PBSG70,PBSG90,PBSL10,PBSL30,PBSL50,PBSL70,PBSL90,BDG05,BDG510,BDL05,BDL510,D5G,RG,BetaG,D5L,RL,BetaL,Age,Gender,Weight,Height,Cigarettes,Alcohol,Exercise
44,2,2,1,100,0,4,9,13,18,22,27,31,36,40,1.03986710963455,0.697407939409768,0.607398956975228,0.450674763417115,0.62720375119773,0.844898668710468,0.789530806458392,0.504162585700294,0.421710526315789,0.816075650118203,0.784988179669031,0.878368794326241,0.521197007481297,0.628740648379052,0.646508728179551,0.789377289377289,0.850732600732601,-230.1,-148.2,-68,-30.1,0,31.3,69.3,171.4,382.9,71,57.4,227.3,201,280,-74.8,-109.3,-115,-161.1,-181.2,185.5,185.6,-117.65,-117.65,0.998206087706175,0.0017971361985456,0.992690585193456,1.00249415541067,-0.00248795007652969,1.01001400861135,19,Male,70,186,0,7,4
