Subjnr,Prec,Weekly,Mode,P,W1,W2,W3,W4,W5,W6,W7,W8,W9,W10,LAKW,AUC.G,AUC.L,Alpha.G,Alpha.L,Gamma.G,Gamma.L,DWG10,DWG30,DWG50,DWG70,DWG90,DWL10,DWL30,DWL50,DWL70,DWL90,SSL4,SSL3,SSL2,SSL1,RP,SSG1,SSG2,SSG3,SSG4,PBSG10,PBSG30,PBSG50,PBSG70,PBSG90,PBSL10,PBSL30,PBSL50,PBSL70,PBSL90,BDG05,BDG510,BDL05,BDL510,D5G,RG,BetaG,D5L,RL,BetaL,Age,Gender,Weight,Height,Cigarettes,Alcohol,Exercise
69,2,2,3,100,20,20,20,20,20,20,20,20,20,20,0.92,0.659090909090909,0.44,0.539618525012462,1.28021361880153,1.72563165802085,3.9148988578226,0.964,0.016304347826087,0.0434782608695652,0.995,0.998,0.05,0.035,0.430555555555556,0.569444444444444,0.09,-200,-176,-122,-50,0,46,147,168,418,382,3,8,413,416,-10,-7,-102,-137,-18,7.53,7.53,-104.12,-101,0.553044571684562,0.808172525686351,0.0935492986204737,1.00163399564627,-0.00163133006005789,1.0320840709248,21,Female,38,132,0,13,2
