Subjnr,Prec,Weekly,Mode,P,W1,W2,W3,W4,W5,W6,W7,W8,W9,W10,LAKW,AUC.G,AUC.L,Alpha.G,Alpha.L,Gamma.G,Gamma.L,DWG10,DWG30,DWG50,DWG70,DWG90,DWL10,DWL30,DWL50,DWL70,DWL90,SSL4,SSL3,SSL2,SSL1,RP,SSG1,SSG2,SSG3,SSG4,PBSG10,PBSG30,PBSG50,PBSG70,PBSG90,PBSL10,PBSL30,PBSL50,PBSL70,PBSL90,BDG05,BDG510,BDL05,BDL510,D5G,RG,BetaG,D5L,RL,BetaL,Age,Gender,Weight,Height,Cigarettes,Alcohol,Exercise
57,2,1,3,75,0,0,0,0,0,0,0,0,0,200,1.00529100529101,0.454439252336449,0.493519585253456,1.23234067055096,1.01651882681651,1.94956195020623,2.47419345759346,0.0592105263157895,0.182894736842105,0.386363636363636,0.613636363636364,0.8,0.142195767195767,0.132275132275132,0.394465290806754,0.480769230769231,0.722160356347439,-173.6,-136,-91.1,-37.8,0,38,60,82,107,9,27.8,50,70,87,-21.5,-20,-68.6,-87,-131,49.48,49.48,-79.66,-79.66,0.977576687542453,0.0229376505631667,0.913278734422795,0.985634189774057,0.0145751947071113,0.943763201645442,18,Male,75,180,0,4,5
