Subjnr,Prec,Weekly,Mode,P,W1,W2,W3,W4,W5,W6,W7,W8,W9,W10,LAKW,AUC.G,AUC.L,Alpha.G,Alpha.L,Gamma.G,Gamma.L,DWG10,DWG30,DWG50,DWG70,DWG90,DWL10,DWL30,DWL50,DWL70,DWL90,SSL4,SSL3,SSL2,SSL1,RP,SSG1,SSG2,SSG3,SSG4,PBSG10,PBSG30,PBSG50,PBSG70,PBSG90,PBSL10,PBSL30,PBSL50,PBSL70,PBSL90,BDG05,BDG510,BDL05,BDL510,D5G,RG,BetaG,D5L,RL,BetaL,Age,Gender,Weight,Height,Cigarettes,Alcohol,Exercise
204,1,2,3,100,10,10,10,10,10,10,10,10,10,10,1.46478873239437,0.539676616915423,0.692550180133814,0.855627533585095,0.45136140791876,0.708881237778174,0.857444820196995,0.128605769230769,0.237980769230769,0.401162790697674,0.77416918429003,0.653846153846154,0.272831050228311,0.657490974729242,0.755836575875486,0.806663424124514,0.834143968871595,-194.3,-91.5,-36.1,-14.2,0,20.8,46.6,67.4,100.5,10.7,19.8,36.4,70.6,59.4,-16.2,-71,-93.9,-114.8,-126.1,49.68,49.68,-99.19,-99.19,0.997467872068965,0.0025385558792812,0.989909893407432,1.00129579366855,-0.00129411676024793,1.00519325786739,18,Female,51,162,0,16,3
