Subjnr,Prec,Weekly,Mode,P,W1,W2,W3,W4,W5,W6,W7,W8,W9,W10,LAKW,AUC.G,AUC.L,Alpha.G,Alpha.L,Gamma.G,Gamma.L,DWG10,DWG30,DWG50,DWG70,DWG90,DWL10,DWL30,DWL50,DWL70,DWL90,SSL4,SSL3,SSL2,SSL1,RP,SSG1,SSG2,SSG3,SSG4,PBSG10,PBSG30,PBSG50,PBSG70,PBSG90,PBSL10,PBSL30,PBSL50,PBSL70,PBSL90,BDG05,BDG510,BDL05,BDL510,D5G,RG,BetaG,D5L,RL,BetaL,Age,Gender,Weight,Height,Cigarettes,Alcohol,Exercise
42,2,1,3,62,0,0,0,0,0,0,0,0,0,200,1.75,0.380747126436782,0.415697674418605,1.73531695439471,1.47067772276179,0.578458878944045,4.89876163732094,0.205,0.438888888888889,0.294444444444445,0.568493150684932,0.664383561643836,0.375,0.06875,0.270833333333333,0.24375,0.546428571428571,-43,-33,-26,-20,0,35,44,58.6,69.6,28.7,41.8,36.6,48,53.6,-23,-5.5,-20.5,-19.5,-27.3,18,24.7,-15.6,-21,0.933734792983382,0.0709679102830614,0.553948919111928,0.986296189659029,0.0138942140146645,0.632669989545151,18,Male,77,178,5,20,2
