Subjnr,Prec,Weekly,Mode,P,W1,W2,W3,W4,W5,W6,W7,W8,W9,W10,LAKW,AUC.G,AUC.L,Alpha.G,Alpha.L,Gamma.G,Gamma.L,DWG10,DWG30,DWG50,DWG70,DWG90,DWL10,DWL30,DWL50,DWL70,DWL90,SSL4,SSL3,SSL2,SSL1,RP,SSG1,SSG2,SSG3,SSG4,PBSG10,PBSG30,PBSG50,PBSG70,PBSG90,PBSL10,PBSL30,PBSL50,PBSL70,PBSL90,BDG05,BDG510,BDL05,BDL510,D5G,RG,BetaG,D5L,RL,BetaL,Age,Gender,Weight,Height,Cigarettes,Alcohol,Exercise
38,2,1,3,100,0,0,0,0,0,0,0,0,0,200,5.08333333333333,0.629817444219067,0.686885245901639,0.547195801878821,0.425900573975554,2.66770757453429,1.13403760905501,0.0860655737704918,0.180327868852459,0.366108786610879,0.389330543933054,0.806578947368421,0.0833333333333333,0.327338129496403,0.526630434782609,0.841800356506239,0.974598930481283,-122,-65.9,-19.9,-6,0,30.5,150,303,493,10.5,22,86,97.1,346,-2,-10.3,-24.8,-86.5,-116.3,208.98,239.8,-60.09,-61,0.996648416399488,0.00336285448846674,0.909831986661368,1,0,0.993163035311796,20,Male,80,189,1,10,2
