Subjnr,Prec,Weekly,Mode,P,W1,W2,W3,W4,W5,W6,W7,W8,W9,W10,LAKW,AUC.G,AUC.L,Alpha.G,Alpha.L,Gamma.G,Gamma.L,DWG10,DWG30,DWG50,DWG70,DWG90,DWL10,DWL30,DWL50,DWL70,DWL90,SSL4,SSL3,SSL2,SSL1,RP,SSG1,SSG2,SSG3,SSG4,PBSG10,PBSG30,PBSG50,PBSG70,PBSG90,PBSL10,PBSL30,PBSL50,PBSL70,PBSL90,BDG05,BDG510,BDL05,BDL510,D5G,RG,BetaG,D5L,RL,BetaL,Age,Gender,Weight,Height,Cigarettes,Alcohol,Exercise
76,2,1,3,40,0,0,0,0,0,0,0,0,0,200,0.619047619047619,0.502777777777778,0.467307692307692,0.985520093377838,1.16501773284989,0.500013786196943,3.75503003092857,0.377631578947368,0.289473684210526,0.434210526315789,0.363157894736842,0.605263157894737,0.0238095238095238,0.0476190476190476,0.366666666666667,0.107142857142857,0.921875,-65,-49,-36,-21,0,13,51,70,90,32.4,19,41,30.2,59,-2,-4,-28,-9,-60,65.09,87.59,-28.45,-28.45,1.16062591257768,-0.138395938637059,1.28231301589702,0.967373295129531,0.0337271093121299,0.875742400153106,18,Female,69,172,0,6,4
