Subjnr,Prec,Weekly,Mode,P,W1,W2,W3,W4,W5,W6,W7,W8,W9,W10,LAKW,AUC.G,AUC.L,Alpha.G,Alpha.L,Gamma.G,Gamma.L,DWG10,DWG30,DWG50,DWG70,DWG90,DWL10,DWL30,DWL50,DWL70,DWL90,SSL4,SSL3,SSL2,SSL1,RP,SSG1,SSG2,SSG3,SSG4,PBSG10,PBSG30,PBSG50,PBSG70,PBSG90,PBSL10,PBSL30,PBSL50,PBSL70,PBSL90,BDG05,BDG510,BDL05,BDL510,D5G,RG,BetaG,D5L,RL,BetaL,Age,Gender,Weight,Height,Cigarettes,Alcohol,Exercise
8,2,1,3,100,0,0,0,0,0,0,0,0,0,200,4.16666666666667,0.644503546099291,0.5254329004329,0.575292872708085,0.893371280724599,0.564000594990631,2.71294036405656,0.2125,0.1875,0.583333333333333,0.5,0.5925,0,0.166666666666667,0.470338983050847,0.470338983050847,0.470338983050847,-23.1,-16.8,-10.7,-4.8,0,20,40,70,141,17,15,50,40,51.1,0,-3.2,-10,-10,-10,69.3,69.3,-11.5,-11.6,0.997971490330904,0.00203263288455591,0.99191061706135,1.00076511183653,-0.000764526887958361,0.995406984709313,19,Male,75,176,0,2,5
