Subjnr,Prec,Weekly,Mode,P,W1,W2,W3,W4,W5,W6,W7,W8,W9,W10,LAKW,AUC.G,AUC.L,Alpha.G,Alpha.L,Gamma.G,Gamma.L,DWG10,DWG30,DWG50,DWG70,DWG90,DWL10,DWL30,DWL50,DWL70,DWL90,SSL4,SSL3,SSL2,SSL1,RP,SSG1,SSG2,SSG3,SSG4,PBSG10,PBSG30,PBSG50,PBSG70,PBSG90,PBSL10,PBSL30,PBSL50,PBSL70,PBSL90,BDG05,BDG510,BDL05,BDL510,D5G,RG,BetaG,D5L,RL,BetaL,Age,Gender,Weight,Height,Cigarettes,Alcohol,Exercise
203,2,1,3,40,0,0,0,0,0,0,0,0,0,200,5.83673469387755,0.51305057096248,0.494318181818182,0.949156274292121,1.02205222405526,2.06847438077422,1.15038761980757,0.192307692307692,0.216783216783217,0.353833865814697,0.543814432989691,0.830357142857143,0.102040816326531,0.168367346938775,0.571428571428571,0.576530612244898,0.904761904761905,-17.6,-13.4,-8.5,-4.9,0,28.6,59.9,89,122.6,22,24.8,41.6,65,99.8,-2,-3.3,-9.9,-10,-16,56.55,59.4,-8.8,-8.8,0.993662266990753,0.00637815605944336,0.930147767450624,1,0,1,20,Male,94,187,0,7,4
