Subjnr,Prec,Weekly,Mode,P,W1,W2,W3,W4,W5,W6,W7,W8,W9,W10,LAKW,AUC.G,AUC.L,Alpha.G,Alpha.L,Gamma.G,Gamma.L,DWG10,DWG30,DWG50,DWG70,DWG90,DWL10,DWL30,DWL50,DWL70,DWL90,SSL4,SSL3,SSL2,SSL1,RP,SSG1,SSG2,SSG3,SSG4,PBSG10,PBSG30,PBSG50,PBSG70,PBSG90,PBSL10,PBSL30,PBSL50,PBSL70,PBSL90,BDG05,BDG510,BDL05,BDL510,D5G,RG,BetaG,D5L,RL,BetaL,Age,Gender,Weight,Height,Cigarettes,Alcohol,Exercise
177,2,2,4,80,30,28,26,23,21,19,17,14,12,10,0.869565217391304,0.450396825396825,0.494318181818182,1.26303700873165,1.02770073502895,0.734932596793498,0.581619724556705,0.25,0.473684210526316,0.5,0.527777777777778,0.9,0.0434782608695652,0.261363636363636,0.535714285714286,0.535714285714286,0.583333333333333,-88,-66,-45,-23,0,20,39,48,63,20,37,39,40,57,-4,-24,-48,-48,-52,62,62,-34.4,-34.4,1.19630771314112,-0.164094664762861,2.04819646076685,0.950726506337058,0.0518272009189924,0.817000663039403,18,Male,75,177,0,0,4
