Subjnr,Prec,Weekly,Mode,P,W1,W2,W3,W4,W5,W6,W7,W8,W9,W10,LAKW,AUC.G,AUC.L,Alpha.G,Alpha.L,Gamma.G,Gamma.L,DWG10,DWG30,DWG50,DWG70,DWG90,DWL10,DWL30,DWL50,DWL70,DWL90,SSL4,SSL3,SSL2,SSL1,RP,SSG1,SSG2,SSG3,SSG4,PBSG10,PBSG30,PBSG50,PBSG70,PBSG90,PBSL10,PBSL30,PBSL50,PBSL70,PBSL90,BDG05,BDG510,BDL05,BDL510,D5G,RG,BetaG,D5L,RL,BetaL,Age,Gender,Weight,Height,Cigarettes,Alcohol,Exercise
105,1,2,5,100,20,18,16,13,11,9,7,4,2,0,3.125,0.500899280575539,0.592391304347826,1.02099906112483,0.636018310850096,1.08655730417141,3.4228514365926,0.16,0.21,0.792553191489362,0.888297872340426,0.877659574468085,0.326923076923077,0.21875,0.288461538461538,0.288461538461538,0.7625,-69,-49,-21,-8,0,25,33,46,69.5,16,21,50,59,58,-12,-7,-10,-10,-50,34.66,34.66,-34.58,-34.58,0.999350508219991,0.000649913893740139,0.997404562821652,1.00023010990183,-0.000230056963447245,1.00092075735947,19,Female,60,170,0,2,3
