Subjnr,Prec,Weekly,Mode,P,W1,W2,W3,W4,W5,W6,W7,W8,W9,W10,LAKW,AUC.G,AUC.L,Alpha.G,Alpha.L,Gamma.G,Gamma.L,DWG10,DWG30,DWG50,DWG70,DWG90,DWL10,DWL30,DWL50,DWL70,DWL90,SSL4,SSL3,SSL2,SSL1,RP,SSG1,SSG2,SSG3,SSG4,PBSG10,PBSG30,PBSG50,PBSG70,PBSG90,PBSL10,PBSL30,PBSL50,PBSL70,PBSL90,BDG05,BDG510,BDL05,BDL510,D5G,RG,BetaG,D5L,RL,BetaL,Age,Gender,Weight,Height,Cigarettes,Alcohol,Exercise
23,2,1,3,100,0,0,0,0,0,0,0,0,0,200,2.4,0.397222222222222,0.425,1.59666494160791,1.40775416331247,4.65969734518285,0.793886396359875,0.104166666666667,0.09375,0.1875,0.239583333333333,0.6375,0.475,0.525,0.725,0.725,0.85,-5,-4,-3,-2,0,4.8,5.2,7.2,9,2,1.8,3.6,4.6,6.3,-2.9,-3.1,-3.9,-3.9,-4.4,4.5,4.5,-2.5,-2.5,1,0,1,1,0,1,19,Female,56,170,0,7,2
