Subjnr,Prec,Weekly,Mode,P,W1,W2,W3,W4,W5,W6,W7,W8,W9,W10,LAKW,AUC.G,AUC.L,Alpha.G,Alpha.L,Gamma.G,Gamma.L,DWG10,DWG30,DWG50,DWG70,DWG90,DWL10,DWL30,DWL50,DWL70,DWL90,SSL4,SSL3,SSL2,SSL1,RP,SSG1,SSG2,SSG3,SSG4,PBSG10,PBSG30,PBSG50,PBSG70,PBSG90,PBSL10,PBSL30,PBSL50,PBSL70,PBSL90,BDG05,BDG510,BDL05,BDL510,D5G,RG,BetaG,D5L,RL,BetaL,Age,Gender,Weight,Height,Cigarettes,Alcohol,Exercise
133,1,1,3,45,0,0,0,0,0,0,0,0,0,100,1.26666666666667,0.648480662983425,0.583333333333333,0.553701656822327,0.731934096783454,2.67741552015092,1.08208993909003,0.0263157894736842,0.328571428571429,0.371428571428571,0.346428571428571,0.769444444444444,0.1,0.25,0.8425,0.808333333333333,0.933333333333333,-72,-42,-27,-15,0,19,54,91,181,2,30,36,32.5,98,-6,-15,-53.1,-49,-64,93,83.02,-37,-37,0.986079325920015,0.0141171949498047,1.02625193061587,1.0050764030903,-0.00505076337946797,1.02046075550824,18,Female,54,157,0,3,0
