Subjnr,Prec,Weekly,Mode,P,W1,W2,W3,W4,W5,W6,W7,W8,W9,W10,LAKW,AUC.G,AUC.L,Alpha.G,Alpha.L,Gamma.G,Gamma.L,DWG10,DWG30,DWG50,DWG70,DWG90,DWL10,DWL30,DWL50,DWL70,DWL90,SSL4,SSL3,SSL2,SSL1,RP,SSG1,SSG2,SSG3,SSG4,PBSG10,PBSG30,PBSG50,PBSG70,PBSG90,PBSL10,PBSL30,PBSL50,PBSL70,PBSL90,BDG05,BDG510,BDL05,BDL510,D5G,RG,BetaG,D5L,RL,BetaL,Age,Gender,Weight,Height,Cigarettes,Alcohol,Exercise
64,1,1,3,100,0,0,0,0,0,0,0,0,0,100,1.3,0.55,0.394230769230769,0.765413874825598,1.40786398103931,0.691258684239035,0.638607375187513,0.33125,0.601351351351351,0.540540540540541,0.547297297297297,0.8,0.625,0.525,0.575,0.625,0.675,-26,-25,-15,-10,0,13,53,90,120,26,68,59,60,96,-20,-16,-18,-20,-22,59.12,59.12,-13,-13,0.997817656007928,0.00218711703379015,0.991299158231448,1,0,1,19,Male,68,180,0,0,0
