Subjnr,Prec,Weekly,Mode,P,W1,W2,W3,W4,W5,W6,W7,W8,W9,W10,LAKW,AUC.G,AUC.L,Alpha.G,Alpha.L,Gamma.G,Gamma.L,DWG10,DWG30,DWG50,DWG70,DWG90,DWL10,DWL30,DWL50,DWL70,DWL90,SSL4,SSL3,SSL2,SSL1,RP,SSG1,SSG2,SSG3,SSG4,PBSG10,PBSG30,PBSG50,PBSG70,PBSG90,PBSL10,PBSL30,PBSL50,PBSL70,PBSL90,BDG05,BDG510,BDL05,BDL510,D5G,RG,BetaG,D5L,RL,BetaL,Age,Gender,Weight,Height,Cigarettes,Alcohol,Exercise
24,2,1,3,80,0,0,0,0,0,0,0,0,0,200,1.72941176470588,0.502826086956522,0.534090909090909,0.999530460805784,0.876842901169362,2.18683806151626,0.526262669343216,0.0807823129251701,0.178571428571429,0.337171052631579,0.599099099099099,0.75,0.27,0.33,0.437,0.38,0.648076923076923,-83.6,-55,-42,-17,0,29.4,59.8,82,115,9.5,21,40,68.6,82,-19,-25,-35.7,-30,-49.7,49.4,45.92,-42.11,-42.11,0.956842434729404,0.0451041505938239,0.900397422050064,1.00164732857486,-0.00164461934641624,1.00660561433677,18,Male,63,178,0,5,6
