Subjnr,Prec,Weekly,Mode,P,W1,W2,W3,W4,W5,W6,W7,W8,W9,W10,LAKW,AUC.G,AUC.L,Alpha.G,Alpha.L,Gamma.G,Gamma.L,DWG10,DWG30,DWG50,DWG70,DWG90,DWL10,DWL30,DWL50,DWL70,DWL90,SSL4,SSL3,SSL2,SSL1,RP,SSG1,SSG2,SSG3,SSG4,PBSG10,PBSG30,PBSG50,PBSG70,PBSG90,PBSL10,PBSL30,PBSL50,PBSL70,PBSL90,BDG05,BDG510,BDL05,BDL510,D5G,RG,BetaG,D5L,RL,BetaL,Age,Gender,Weight,Height,Cigarettes,Alcohol,Exercise
26,2,2,2,85,10,12,14,17,19,21,23,26,28,30,3.57142857142857,0.511363636363636,0.475,0.956621557855708,1.12364593052331,0.862846063673519,0.626468315140778,0.06875,0.15625,0.675,0.5625,0.805555555555556,0.178571428571429,0.291666666666667,0.5,0.625,0.625,-32,-24,-16,-11.2,0,40,80,120,165,11,25,108,90,130,-8,-12,-16,-20,-20,70,70,-17,-17,0.967673433938813,0.0334064829387792,0.87682974309957,1.01219872924994,-0.0120517136580305,1.04969505423834,19,Male,68,188,4,20,0
