Subjnr,Prec,Weekly,Mode,P,W1,W2,W3,W4,W5,W6,W7,W8,W9,W10,LAKW,AUC.G,AUC.L,Alpha.G,Alpha.L,Gamma.G,Gamma.L,DWG10,DWG30,DWG50,DWG70,DWG90,DWL10,DWL30,DWL50,DWL70,DWL90,SSL4,SSL3,SSL2,SSL1,RP,SSG1,SSG2,SSG3,SSG4,PBSG10,PBSG30,PBSG50,PBSG70,PBSG90,PBSL10,PBSL30,PBSL50,PBSL70,PBSL90,BDG05,BDG510,BDL05,BDL510,D5G,RG,BetaG,D5L,RL,BetaL,Age,Gender,Weight,Height,Cigarettes,Alcohol,Exercise
90,2,1,3,75,0,0,0,0,0,0,0,0,0,200,1.15625,0.678347280334728,0.469298245614035,0.473659045142075,1.14767410914687,0.867713299732691,2.35511495927169,0.292372881355932,0.580612244897959,0.743197278911565,0.826595744680851,0.834042553191489,0.1796875,0.2578125,0.34375,0.658,0.40625,-114,-89,-64,-32,0,37,96,243,478,47,143.4,239,315,322,-23,-33,-44,-79.8,-52,232.53,225,-57,-42.8,0.993508955231191,0.00653345370933156,0.991631230721919,0.944308247234697,0.0589762431159426,1.05897624311594,18,Male,64,182,0,10,3
