Subjnr,Prec,Weekly,Mode,P,W1,W2,W3,W4,W5,W6,W7,W8,W9,W10,LAKW,AUC.G,AUC.L,Alpha.G,Alpha.L,Gamma.G,Gamma.L,DWG10,DWG30,DWG50,DWG70,DWG90,DWL10,DWL30,DWL50,DWL70,DWL90,SSL4,SSL3,SSL2,SSL1,RP,SSG1,SSG2,SSG3,SSG4,PBSG10,PBSG30,PBSG50,PBSG70,PBSG90,PBSL10,PBSL30,PBSL50,PBSL70,PBSL90,BDG05,BDG510,BDL05,BDL510,D5G,RG,BetaG,D5L,RL,BetaL,Age,Gender,Weight,Height,Cigarettes,Alcohol,Exercise
162,2,2,1,100,0,4,9,13,18,22,27,31,36,40,1.7,0.482142857142857,0.361842105263158,1.09307462627241,1.92879463975369,2.77174197240914,2.78490387614433,0.176470588235294,0.333333333333333,0.458333333333333,0.427083333333333,0.427083333333333,0.125,0.25,0.25,0.416666666666667,0.833333333333333,-19,-16,-13,-10,0,17,41,52,70,12,25,37,34,34,-5,-10,-10,-12,-17,35,35,-9.5,-9.5,1,0,1,1,0,1,26,Female,51,158,0,1,3
