Subjnr,Prec,Weekly,Mode,P,W1,W2,W3,W4,W5,W6,W7,W8,W9,W10,LAKW,AUC.G,AUC.L,Alpha.G,Alpha.L,Gamma.G,Gamma.L,DWG10,DWG30,DWG50,DWG70,DWG90,DWL10,DWL30,DWL50,DWL70,DWL90,SSL4,SSL3,SSL2,SSL1,RP,SSG1,SSG2,SSG3,SSG4,PBSG10,PBSG30,PBSG50,PBSG70,PBSG90,PBSL10,PBSL30,PBSL50,PBSL70,PBSL90,BDG05,BDG510,BDL05,BDL510,D5G,RG,BetaG,D5L,RL,BetaL,Age,Gender,Weight,Height,Cigarettes,Alcohol,Exercise
107,2,2,2,100,10,12,14,17,19,21,23,26,28,30,6,0.655029399412012,0.525,0.546255426741229,0.870807841729393,0.611469894019094,0.652677486023851,0.166666666666667,0.413934426229508,0.405737704918033,0.57051282051282,0.668803418803419,0.25,0.388888888888889,0.525,0.666666666666667,0.625,-30,-23,-14,-5,0,30,60.5,119,238.1,20,50,49,77,100,-5,-10,-14.9,-20,-18.5,121.77,116.33,-15.1,-14.6,0.996910677980142,0.0030988955059823,1.01073406829394,0.995753562034066,0.00426454710064972,1.00955014998013,18,Male,73,180,0,10,4
