Subjnr,Prec,Weekly,Mode,P,W1,W2,W3,W4,W5,W6,W7,W8,W9,W10,LAKW,AUC.G,AUC.L,Alpha.G,Alpha.L,Gamma.G,Gamma.L,DWG10,DWG30,DWG50,DWG70,DWG90,DWL10,DWL30,DWL50,DWL70,DWL90,SSL4,SSL3,SSL2,SSL1,RP,SSG1,SSG2,SSG3,SSG4,PBSG10,PBSG30,PBSG50,PBSG70,PBSG90,PBSL10,PBSL30,PBSL50,PBSL70,PBSL90,BDG05,BDG510,BDL05,BDL510,D5G,RG,BetaG,D5L,RL,BetaL,Age,Gender,Weight,Height,Cigarettes,Alcohol,Exercise
178,2,2,2,100,10,12,14,17,19,21,23,26,28,30,1.625,0.539516129032258,0.423507462686567,0.867663209026721,1.43447886776352,0.692744988253435,2.7378071301375,0.102564102564103,0.308333333333333,0.75,0.741935483870968,0.475,0.15625,0.2625,0.2625,0.5,0.666666666666667,-67,-53,-44,-24,0,39,69,100,155,16,46,100,99,66,-15,-25,-25,-44,-50,80.92,75.1,-30,-33.45,0.9930968377167,0.00695114718034118,1.05579899006483,0.999660786896143,0.000339328208431633,0.881655001132855,19,Female,64,172,2,7,3
