Subjnr,Prec,Weekly,Mode,P,W1,W2,W3,W4,W5,W6,W7,W8,W9,W10,LAKW,AUC.G,AUC.L,Alpha.G,Alpha.L,Gamma.G,Gamma.L,DWG10,DWG30,DWG50,DWG70,DWG90,DWL10,DWL30,DWL50,DWL70,DWL90,SSL4,SSL3,SSL2,SSL1,RP,SSG1,SSG2,SSG3,SSG4,PBSG10,PBSG30,PBSG50,PBSG70,PBSG90,PBSL10,PBSL30,PBSL50,PBSL70,PBSL90,BDG05,BDG510,BDL05,BDL510,D5G,RG,BetaG,D5L,RL,BetaL,Age,Gender,Weight,Height,Cigarettes,Alcohol,Exercise
102,2,2,3,75,20,20,20,20,20,20,20,20,20,20,4.5,0.495086608927382,0.137376237623762,1.03071422164962,43.9142658023295,0.722736251171747,6.50140980629582,0.529810298102981,0.513550135501355,0.50609756097561,0.648373983739837,0.875311720698254,0.0255102040816326,0.107142857142857,0.255102040816326,0.255102040816326,0.408163265306122,-10.1,-10,-9.8,-10,0,45,73.1,110,150.1,77.5,75.1,74,95,130.1,-0.5,-2.1,-5,-5,-8,73.7,69.01,-5,-7,0.979877299103924,0.0205359394635198,1.00234817024536,1.06748389691915,-0.0632177188938526,0.927507209015987,20,Male,75,175,0,1,3
