Subjnr,Prec,Weekly,Mode,P,W1,W2,W3,W4,W5,W6,W7,W8,W9,W10,LAKW,AUC.G,AUC.L,Alpha.G,Alpha.L,Gamma.G,Gamma.L,DWG10,DWG30,DWG50,DWG70,DWG90,DWL10,DWL30,DWL50,DWL70,DWL90,SSL4,SSL3,SSL2,SSL1,RP,SSG1,SSG2,SSG3,SSG4,PBSG10,PBSG30,PBSG50,PBSG70,PBSG90,PBSL10,PBSL30,PBSL50,PBSL70,PBSL90,BDG05,BDG510,BDL05,BDL510,D5G,RG,BetaG,D5L,RL,BetaL,Age,Gender,Weight,Height,Cigarettes,Alcohol,Exercise
74,2,1,3,87,0,0,0,0,0,0,0,0,0,200,0.822102425876011,0.147012578616352,0.525535019455253,24.3940019053606,0.867515435515956,3.76840339797133,0.772801900075867,0.00409836065573771,0.163934426229508,0.223770491803279,0.238524590163934,0.821428571428571,0.134097035040431,0.536798179059181,0.67412746585736,0.679059180576631,0.704097116843703,-205.6,-158.1,-92.2,-37.1,0,30.5,31,31.1,31.8,0.5,20,27.3,29.1,31.3,-19.9,-101.9,-138.1,-139.4,-146,2.5,5.5,-106,-109.2,0.808710558037867,0.236536347968856,0.194423954083153,1.00883139335145,-0.00875408260453903,1.01352110655042,20,Male,109,190,0,0,3
