Subjnr,Prec,Weekly,Mode,P,W1,W2,W3,W4,W5,W6,W7,W8,W9,W10,LAKW,AUC.G,AUC.L,Alpha.G,Alpha.L,Gamma.G,Gamma.L,DWG10,DWG30,DWG50,DWG70,DWG90,DWL10,DWL30,DWL50,DWL70,DWL90,SSL4,SSL3,SSL2,SSL1,RP,SSG1,SSG2,SSG3,SSG4,PBSG10,PBSG30,PBSG50,PBSG70,PBSG90,PBSL10,PBSL30,PBSL50,PBSL70,PBSL90,BDG05,BDG510,BDL05,BDL510,D5G,RG,BetaG,D5L,RL,BetaL,Age,Gender,Weight,Height,Cigarettes,Alcohol,Exercise
130,1,2,2,50,5,6,7,8,9,11,12,13,14,15,2.85714285714286,0.503525641025641,0.534770114942529,0.997096507435444,0.795522401068281,1.159787595132,0.570604070378371,0.280487804878049,0.14625,0.481707317073171,0.764933628318584,0.955752212389381,0.425245098039216,0.575140449438202,0.446078431372549,0.686095505617977,0.458333333333333,-87,-70,-34.4,-14,0,40,81,110.8,156,45,23.4,78,113.5,148,-28.3,-45.1,-30,-60.9,-31,66,50.19,-80,-70,0.916878117091836,0.0906575054619156,0.924988010961372,1.05869568130416,-0.0554415044291664,1.50260290746584,20,Male,75,185,15,10,7
