Subjnr,Prec,Weekly,Mode,P,W1,W2,W3,W4,W5,W6,W7,W8,W9,W10,LAKW,AUC.G,AUC.L,Alpha.G,Alpha.L,Gamma.G,Gamma.L,DWG10,DWG30,DWG50,DWG70,DWG90,DWL10,DWL30,DWL50,DWL70,DWL90,SSL4,SSL3,SSL2,SSL1,RP,SSG1,SSG2,SSG3,SSG4,PBSG10,PBSG30,PBSG50,PBSG70,PBSG90,PBSL10,PBSL30,PBSL50,PBSL70,PBSL90,BDG05,BDG510,BDL05,BDL510,D5G,RG,BetaG,D5L,RL,BetaL,Age,Gender,Weight,Height,Cigarettes,Alcohol,Exercise
2,1,1,3,61,0,0,0,0,0,0,0,0,0,100,4.22222222222222,0.539179104477612,0.618137254901961,0.856903001233676,0.632407712176047,0.995451544035209,2.02864975406328,0.292307692307692,0.384615384615385,0.692307692307692,0.916666666666667,0.961805555555556,0.25,0.296296296296296,0.194444444444444,0.595890410958904,0.972727272727273,-51,-29,-14.4,-9,0,38,103,129,201,49,73,123,177,190,-9,-10,-7,-20,-48.6,91.5,91.1,-21.5,-19.9,0.984799779240226,0.0154348336384695,0.943757080675754,0.970520885358626,0.0303745288598101,0.928104104159084,21,Female,57,167,0,7,2
