Subjnr,Prec,Weekly,Mode,P,W1,W2,W3,W4,W5,W6,W7,W8,W9,W10,LAKW,AUC.G,AUC.L,Alpha.G,Alpha.L,Gamma.G,Gamma.L,DWG10,DWG30,DWG50,DWG70,DWG90,DWL10,DWL30,DWL50,DWL70,DWL90,SSL4,SSL3,SSL2,SSL1,RP,SSG1,SSG2,SSG3,SSG4,PBSG10,PBSG30,PBSG50,PBSG70,PBSG90,PBSL10,PBSL30,PBSL50,PBSL70,PBSL90,BDG05,BDG510,BDL05,BDL510,D5G,RG,BetaG,D5L,RL,BetaL,Age,Gender,Weight,Height,Cigarettes,Alcohol,Exercise
142,1,1,3,90,0,0,0,0,0,0,0,0,0,100,22,0.459239130434782,0.152777777777778,1.20545155719822,0.808555818802308,0.862730261712414,2.19689751323691,0.458333333333333,0.527777777777778,0.757575757575758,0.75,0.977272727272727,0.125,0.15,0.25,0.7,0.75,-7,-8,-9,-2,0,44,50,59,92,49,51,60,59,89,-1,-1.2,-2,-5,-8,46,45.56,-3.2,-4.5,0.988749693094613,0.0113783164576016,1.0113783164576,1,0,0.688,17,Male,73,170,0,10,0
