Subjnr,Prec,Weekly,Mode,P,W1,W2,W3,W4,W5,W6,W7,W8,W9,W10,LAKW,AUC.G,AUC.L,Alpha.G,Alpha.L,Gamma.G,Gamma.L,DWG10,DWG30,DWG50,DWG70,DWG90,DWL10,DWL30,DWL50,DWL70,DWL90,SSL4,SSL3,SSL2,SSL1,RP,SSG1,SSG2,SSG3,SSG4,PBSG10,PBSG30,PBSG50,PBSG70,PBSG90,PBSL10,PBSL30,PBSL50,PBSL70,PBSL90,BDG05,BDG510,BDL05,BDL510,D5G,RG,BetaG,D5L,RL,BetaL,Age,Gender,Weight,Height,Cigarettes,Alcohol,Exercise
43,1,2,3,100,10,10,10,10,10,10,10,10,10,10,5,0.359567901234568,0.582278481012658,1.91692456993694,0.713897100562361,2.20074666983623,1.64925799576532,0.03,0.091,0.19,0.744444444444444,0.875,0.06,0.23,0.282142857142857,0.795258620689655,0.931034482758621,-31.6,-20,-12,-5,0,25,27,31.5,40.5,3,9.1,19,31.4,36,-1.2,-4.6,-5.9,-22.1,-28.4,20.3,20.3,-15.7,-15.8,1.00049334015128,-0.000493096886789335,1.0019748213925,1,0,0.994949494949495,19,Female,57,167,0,10,2
