Subjnr,Prec,Weekly,Mode,P,W1,W2,W3,W4,W5,W6,W7,W8,W9,W10,LAKW,AUC.G,AUC.L,Alpha.G,Alpha.L,Gamma.G,Gamma.L,DWG10,DWG30,DWG50,DWG70,DWG90,DWL10,DWL30,DWL50,DWL70,DWL90,SSL4,SSL3,SSL2,SSL1,RP,SSG1,SSG2,SSG3,SSG4,PBSG10,PBSG30,PBSG50,PBSG70,PBSG90,PBSL10,PBSL30,PBSL50,PBSL70,PBSL90,BDG05,BDG510,BDL05,BDL510,D5G,RG,BetaG,D5L,RL,BetaL,Age,Gender,Weight,Height,Cigarettes,Alcohol,Exercise
179,2,1,3,100,0,0,0,0,0,0,0,0,0,200,3,0.565,0.453571428571429,0.776780493225248,1.24259672582259,0.871038464884335,3.63103622187519,0.142857142857143,0.238095238095238,0.54,0.63,0.868055555555556,0.107142857142857,0.142857142857143,0.25,0.214285714285714,0.885,-17.5,-12.5,-10,-7,0,21,39,64,100,12,20,43,52,81,-3,-4,-7,-6,-15.2,49.44,40,-8.6,-8.6,0.964823933819754,0.0364585339845203,1.02694350482007,0.993602886305502,0.00643830023308833,0.974656038120464,20,Male,80,188,0,3,5
