Subjnr,Prec,Weekly,Mode,P,W1,W2,W3,W4,W5,W6,W7,W8,W9,W10,LAKW,AUC.G,AUC.L,Alpha.G,Alpha.L,Gamma.G,Gamma.L,DWG10,DWG30,DWG50,DWG70,DWG90,DWL10,DWL30,DWL50,DWL70,DWL90,SSL4,SSL3,SSL2,SSL1,RP,SSG1,SSG2,SSG3,SSG4,PBSG10,PBSG30,PBSG50,PBSG70,PBSG90,PBSL10,PBSL30,PBSL50,PBSL70,PBSL90,BDG05,BDG510,BDL05,BDL510,D5G,RG,BetaG,D5L,RL,BetaL,Age,Gender,Weight,Height,Cigarettes,Alcohol,Exercise
171,2,2,3,100,20,20,20,20,20,20,20,20,20,20,1.93548387096774,0.628398058252427,0.582589285714286,0.612924948382247,0.727464228667539,0.759693779433166,2.17013604518355,0.818007662835249,0.25,0.834770114942529,0.820402298850575,0.772509578544061,0.206666666666667,0.288461538461538,0.314102564102564,0.621794871794872,0.596153846153846,-56,-35,-15,-15.5,0,30,71.6,101.6,206,130,30,137,131,111,-6.2,-17,-18,-30,-29,86.1,79.7,-28.1,-28.1,0.944916706411594,0.0582943377068548,0.872134106782833,1.00089726479089,-0.000896460428509993,1.00359389255833,20,Female,61,177,0,0,0
