Subjnr,Prec,Weekly,Mode,P,W1,W2,W3,W4,W5,W6,W7,W8,W9,W10,LAKW,AUC.G,AUC.L,Alpha.G,Alpha.L,Gamma.G,Gamma.L,DWG10,DWG30,DWG50,DWG70,DWG90,DWL10,DWL30,DWL50,DWL70,DWL90,SSL4,SSL3,SSL2,SSL1,RP,SSG1,SSG2,SSG3,SSG4,PBSG10,PBSG30,PBSG50,PBSG70,PBSG90,PBSL10,PBSL30,PBSL50,PBSL70,PBSL90,BDG05,BDG510,BDL05,BDL510,D5G,RG,BetaG,D5L,RL,BetaL,Age,Gender,Weight,Height,Cigarettes,Alcohol,Exercise
198,1,1,3,75,0,0,0,0,0,0,0,0,0,100,1.47058823529412,0.395833333333333,0.313157894736842,1.63996947853774,2.35464764636504,0.525501107919122,0.790560052318365,0.07,0.178,0.772727272727273,0.40625,0.46875,0.820723684210526,0.751644736842105,0.805921052631579,0.875,0.875,-38,-38,-30.4,-17,0,25,41,49,60,7,17.8,50,35,39,-36.9,-35.5,-36.6,-38,-38,30.1,30.1,-18.9,-18.9,1.00095057205924,-0.00094966933010443,1.0038077131969,0.998697912248604,0.00130378539438847,0.994801812761957,18,Female,67,177,0,20,0
