Subjnr,Prec,Weekly,Mode,P,W1,W2,W3,W4,W5,W6,W7,W8,W9,W10,LAKW,AUC.G,AUC.L,Alpha.G,Alpha.L,Gamma.G,Gamma.L,DWG10,DWG30,DWG50,DWG70,DWG90,DWL10,DWL30,DWL50,DWL70,DWL90,SSL4,SSL3,SSL2,SSL1,RP,SSG1,SSG2,SSG3,SSG4,PBSG10,PBSG30,PBSG50,PBSG70,PBSG90,PBSL10,PBSL30,PBSL50,PBSL70,PBSL90,BDG05,BDG510,BDL05,BDL510,D5G,RG,BetaG,D5L,RL,BetaL,Age,Gender,Weight,Height,Cigarettes,Alcohol,Exercise
22,1,1,3,100,0,0,0,0,0,0,0,0,0,100,5.33333333333333,0.261363636363636,0.383522727272727,3.70858968874763,1.71845320133839,2.65582404205198,9.95937735763247,0.140625,0.201041666666667,0.358333333333333,0.358333333333333,0.866666666666667,0.2,0.244444444444444,0.177777777777778,0.307692307692308,0.288461538461538,-8.8,-7,-5.8,-4.5,0,24,27,30,33,13.5,19.3,25.3,25.3,31.4,-3.6,-4.4,-3.2,-4.8,-4.7,6.7,7.7,-1.8,-5.1,0.858620703484489,0.164658615779657,0.472921983377194,1.08371233643915,-0.0772459015408207,0.377490313006028,18,Male,53,170,5,10,3
