Subjnr,Prec,Weekly,Mode,P,W1,W2,W3,W4,W5,W6,W7,W8,W9,W10,LAKW,AUC.G,AUC.L,Alpha.G,Alpha.L,Gamma.G,Gamma.L,DWG10,DWG30,DWG50,DWG70,DWG90,DWL10,DWL30,DWL50,DWL70,DWL90,SSL4,SSL3,SSL2,SSL1,RP,SSG1,SSG2,SSG3,SSG4,PBSG10,PBSG30,PBSG50,PBSG70,PBSG90,PBSL10,PBSL30,PBSL50,PBSL70,PBSL90,BDG05,BDG510,BDL05,BDL510,D5G,RG,BetaG,D5L,RL,BetaL,Age,Gender,Weight,Height,Cigarettes,Alcohol,Exercise
121,1,2,4,80,15,14,13,12,11,9,8,7,6,5,3.86666666666667,0.548837209302326,0.451834862385321,0.805584897090302,1.21495945463343,0.525893291118818,4.51351849934744,0.131034482758621,0.353070175438596,0.463815789473684,0.529220779220779,0.496710526315789,0.0333333333333333,0.0466666666666667,0.143333333333333,0.24,0.700757575757576,-21.8,-18,-11.4,-7.5,0,29,74.6,120.8,172,15.2,47.8,68,80,74,-1,-1.4,-4.3,-7.2,-16.7,78.94,78.6,-11.9,-11.9,0.98531690969684,0.0149018961906149,0.945872923289789,1.02090110927354,-0.0204731967510705,1.08626228928166,20,Male,72,192,1,15,4
