Subjnr,Prec,Weekly,Mode,P,W1,W2,W3,W4,W5,W6,W7,W8,W9,W10,LAKW,AUC.G,AUC.L,Alpha.G,Alpha.L,Gamma.G,Gamma.L,DWG10,DWG30,DWG50,DWG70,DWG90,DWL10,DWL30,DWL50,DWL70,DWL90,SSL4,SSL3,SSL2,SSL1,RP,SSG1,SSG2,SSG3,SSG4,PBSG10,PBSG30,PBSG50,PBSG70,PBSG90,PBSL10,PBSL30,PBSL50,PBSL70,PBSL90,BDG05,BDG510,BDL05,BDL510,D5G,RG,BetaG,D5L,RL,BetaL,Age,Gender,Weight,Height,Cigarettes,Alcohol,Exercise
15,2,1,3,50,0,0,0,0,0,0,0,0,0,200,1.64788732394366,0.507082152974504,0.502162629757785,0.963005281099666,1.00357227156429,0.591075783319216,0.449324853855618,0.901785714285714,0.211538461538462,0.4812734082397,0.503246753246753,0.806547619047619,0.436046511627907,0.657608695652174,0.23943661971831,0.319767441860465,0.444767441860465,-28.9,-20.3,-15.7,-7.1,0,11.7,38.4,53.8,70.6,64,9.9,36.4,38.6,57.6,-13.5,-18.6,-6.8,-9.5,-13.8,1.1,1.1,-22.1,-14.5,0.549072913541776,0.821251741502844,0.0908908321828661,1.00062617456728,-0.00062578271805569,1.72932466438757,18,Female,60,174,0,25,0
