Subjnr,Prec,Weekly,Mode,P,W1,W2,W3,W4,W5,W6,W7,W8,W9,W10,LAKW,AUC.G,AUC.L,Alpha.G,Alpha.L,Gamma.G,Gamma.L,DWG10,DWG30,DWG50,DWG70,DWG90,DWL10,DWL30,DWL50,DWL70,DWL90,SSL4,SSL3,SSL2,SSL1,RP,SSG1,SSG2,SSG3,SSG4,PBSG10,PBSG30,PBSG50,PBSG70,PBSG90,PBSL10,PBSL30,PBSL50,PBSL70,PBSL90,BDG05,BDG510,BDL05,BDL510,D5G,RG,BetaG,D5L,RL,BetaL,Age,Gender,Weight,Height,Cigarettes,Alcohol,Exercise
226,2,1,3,50,0,0,0,0,0,0,0,0,0,200,3.85714285714286,0.502659574468085,0.640625,1.00308850683114,0.600184464036053,3.77141591450855,0.934926824656198,0.0925925925925926,0.231481481481481,0.391752577319588,0.365979381443299,0.430412371134021,0.0714285714285714,0.859375,0.796875,0.84375,0.96875,-24,-8,-7.5,-7,0,27,46.4,66.6,94,10,25,38,36,41,-2,-15,-11,-14,-22,49.47,25.97,-11.38,-11.38,0.861261709745622,0.161087261496107,1.23103568920087,0.997603929789945,0.00240182515175058,0.990450111082634,21,Female,74,173,0,0,2
