Subjnr,Prec,Weekly,Mode,P,W1,W2,W3,W4,W5,W6,W7,W8,W9,W10,LAKW,AUC.G,AUC.L,Alpha.G,Alpha.L,Gamma.G,Gamma.L,DWG10,DWG30,DWG50,DWG70,DWG90,DWL10,DWL30,DWL50,DWL70,DWL90,SSL4,SSL3,SSL2,SSL1,RP,SSG1,SSG2,SSG3,SSG4,PBSG10,PBSG30,PBSG50,PBSG70,PBSG90,PBSL10,PBSL30,PBSL50,PBSL70,PBSL90,BDG05,BDG510,BDL05,BDL510,D5G,RG,BetaG,D5L,RL,BetaL,Age,Gender,Weight,Height,Cigarettes,Alcohol,Exercise
103,2,2,3,100,20,20,20,20,20,20,20,20,20,20,21.25,0.667634635691658,0.623626373626374,0.515795322203903,0.552551449593794,0.731751836095687,0.785234863928184,0.235294117647059,0.362530413625304,0.410583941605839,0.5418410041841,0.918994413407821,0.21875,0.670212765957447,0.627659574468085,0.521276595744681,0.943661971830986,-18.2,-11.1,-6.4,-0.8,0,17,58.1,82,189.4,16,35.5,43.4,62.1,154.6,-0.7,-9.6,-8.8,-6.8,-16.6,91.7,94.7,-9.1,-9.1,1,0,0.991042102120036,1,0,1,20,Female,73,178,0,0,4
