Subjnr,Prec,Weekly,Mode,P,W1,W2,W3,W4,W5,W6,W7,W8,W9,W10,LAKW,AUC.G,AUC.L,Alpha.G,Alpha.L,Gamma.G,Gamma.L,DWG10,DWG30,DWG50,DWG70,DWG90,DWL10,DWL30,DWL50,DWL70,DWL90,SSL4,SSL3,SSL2,SSL1,RP,SSG1,SSG2,SSG3,SSG4,PBSG10,PBSG30,PBSG50,PBSG70,PBSG90,PBSL10,PBSL30,PBSL50,PBSL70,PBSL90,BDG05,BDG510,BDL05,BDL510,D5G,RG,BetaG,D5L,RL,BetaL,Age,Gender,Weight,Height,Cigarettes,Alcohol,Exercise
228,2,2,2,100,10,12,14,17,19,21,23,26,28,30,2.64705882352941,0.621296296296296,0.397727272727273,0.628296194878801,1.60481706420225,0.765030852031847,13.3470806739795,0.283783783783784,0.569230769230769,0.704615384615385,0.684615384615385,0.742307692307692,0.241176470588235,0.0955882352941176,0.3125,0.169117647058824,0.247058823529412,-37.4,-30.6,-23.8,-17,0,45,82,147,270,50,100,135.2,130,145,-16.4,-6.5,-18.7,-11.5,-16.8,131.78,131.78,-18.7,-18.7,0.996455841071048,0.00355676466820931,0.985898552743446,1,0,1,18,Female,68,169,0,5,3
