Subjnr,Prec,Weekly,Mode,P,W1,W2,W3,W4,W5,W6,W7,W8,W9,W10,LAKW,AUC.G,AUC.L,Alpha.G,Alpha.L,Gamma.G,Gamma.L,DWG10,DWG30,DWG50,DWG70,DWG90,DWL10,DWL30,DWL50,DWL70,DWL90,SSL4,SSL3,SSL2,SSL1,RP,SSG1,SSG2,SSG3,SSG4,PBSG10,PBSG30,PBSG50,PBSG70,PBSG90,PBSL10,PBSL30,PBSL50,PBSL70,PBSL90,BDG05,BDG510,BDL05,BDL510,D5G,RG,BetaG,D5L,RL,BetaL,Age,Gender,Weight,Height,Cigarettes,Alcohol,Exercise
125,1,2,3,50,10,10,10,10,10,10,10,10,10,10,1.75,0.61890243902439,0.616512345679012,0.6150150046763,0.628118702434458,0.942968589489489,1.16080127116349,0.178571428571429,0.536666666666667,0.75,0.796875,0.940625,0.0625,0.2,0.672727272727273,0.798657718120805,0.869127516778524,-162,-87.5,-60,-20,0,35,50,125,205,25,61,125,140,186,-5,-16,-79,-102,-123,91.89,93.89,-72.41,-72.41,0.991347867288069,0.00872764545870242,0.955875298207755,0.9762974320086,0.0242780193968501,0.908507648520285,19,Male,71,173,0,15,3
