Subjnr,Prec,Weekly,Mode,P,W1,W2,W3,W4,W5,W6,W7,W8,W9,W10,LAKW,AUC.G,AUC.L,Alpha.G,Alpha.L,Gamma.G,Gamma.L,DWG10,DWG30,DWG50,DWG70,DWG90,DWL10,DWL30,DWL50,DWL70,DWL90,SSL4,SSL3,SSL2,SSL1,RP,SSG1,SSG2,SSG3,SSG4,PBSG10,PBSG30,PBSG50,PBSG70,PBSG90,PBSL10,PBSL30,PBSL50,PBSL70,PBSL90,BDG05,BDG510,BDL05,BDL510,D5G,RG,BetaG,D5L,RL,BetaL,Age,Gender,Weight,Height,Cigarettes,Alcohol,Exercise
75,2,1,3,85,0,0,0,0,0,0,0,0,0,200,1.81363636363636,0.38433734939759,0.395408163265306,1.70745066127111,1.62846608933111,1.16930374468428,5.03049824544697,0.093984962406015,0.219298245614035,0.632352941176471,0.846153846153846,0.923076923076923,0.0340909090909091,0.0795454545454546,0.136363636363636,0.170454545454545,0.6875,-49,-40,-32,-22,0,39.9,53,70,83,15,35,62,75,79,-3,-7,-12,-15,-38,35,32,-25.3,-28.1,0.935031428457594,0.0694827677071526,0.836032000057507,1.05192111476219,-0.0493583730125337,1.01148269111466,18,Male,70,185,0,12,2
