Subjnr,Prec,Weekly,Mode,P,W1,W2,W3,W4,W5,W6,W7,W8,W9,W10,LAKW,AUC.G,AUC.L,Alpha.G,Alpha.L,Gamma.G,Gamma.L,DWG10,DWG30,DWG50,DWG70,DWG90,DWL10,DWL30,DWL50,DWL70,DWL90,SSL4,SSL3,SSL2,SSL1,RP,SSG1,SSG2,SSG3,SSG4,PBSG10,PBSG30,PBSG50,PBSG70,PBSG90,PBSL10,PBSL30,PBSL50,PBSL70,PBSL90,BDG05,BDG510,BDL05,BDL510,D5G,RG,BetaG,D5L,RL,BetaL,Age,Gender,Weight,Height,Cigarettes,Alcohol,Exercise
17,2,2,1,100,0,4,9,13,18,22,27,31,36,40,0.980392156862745,0.5,0.501811594202898,1,0.991822935696315,1,0.968561819208876,0.1,0.3,0.5,0.7,0.9,0.100980392156863,0.303846153846154,0.501923076923077,0.701923076923077,0.879807692307692,-103.5,-77.5,-51.5,-25.5,0,25,50,75,100,10,30,50,70,90,-10.3,-31.1,-51.7,-72.5,-91,49.44,49.44,-51.13,-51.13,0.997749896830212,0.00225517755194571,0.991029919563364,0.997615449178321,0.00239025049546226,0.99049585900633,17,Male,73,174,0,18,3
