Subjnr,Prec,Weekly,Mode,P,W1,W2,W3,W4,W5,W6,W7,W8,W9,W10,LAKW,AUC.G,AUC.L,Alpha.G,Alpha.L,Gamma.G,Gamma.L,DWG10,DWG30,DWG50,DWG70,DWG90,DWL10,DWL30,DWL50,DWL70,DWL90,SSL4,SSL3,SSL2,SSL1,RP,SSG1,SSG2,SSG3,SSG4,PBSG10,PBSG30,PBSG50,PBSG70,PBSG90,PBSL10,PBSL30,PBSL50,PBSL70,PBSL90,BDG05,BDG510,BDL05,BDL510,D5G,RG,BetaG,D5L,RL,BetaL,Age,Gender,Weight,Height,Cigarettes,Alcohol,Exercise
13,2,2,3,100,20,20,20,20,20,20,20,20,20,20,0.909090909090909,0.435,0.455097087378641,1.35381946130859,1.2438717850398,0.903641690128271,0.613330765266573,0.13,0.420454545454545,0.557692307692308,0.75,0.85,0.181818181818182,0.630952380952381,0.353125,0.453125,0.76,-103,-78,-67.5,-27.5,0,25,47,60,75,13,40,50,60,66,-20,-73,-44,-60,-79,30,32,-60,-45.67,0.965863558233532,0.0353429234134273,0.810268374845291,0.981078634548523,0.0192862883617724,1.15466024853482,19,Male,85,198,15,35,4
