Subjnr,Prec,Weekly,Mode,P,W1,W2,W3,W4,W5,W6,W7,W8,W9,W10,LAKW,AUC.G,AUC.L,Alpha.G,Alpha.L,Gamma.G,Gamma.L,DWG10,DWG30,DWG50,DWG70,DWG90,DWL10,DWL30,DWL50,DWL70,DWL90,SSL4,SSL3,SSL2,SSL1,RP,SSG1,SSG2,SSG3,SSG4,PBSG10,PBSG30,PBSG50,PBSG70,PBSG90,PBSL10,PBSL30,PBSL50,PBSL70,PBSL90,BDG05,BDG510,BDL05,BDL510,D5G,RG,BetaG,D5L,RL,BetaL,Age,Gender,Weight,Height,Cigarettes,Alcohol,Exercise
185,2,2,3,70,20,20,20,20,20,20,20,20,20,20,1.92307692307692,0.852716695132365,0.525,0.148803164049336,0.923989045961191,0.797921575865978,0.957903825123298,0.729099157485418,0.765196593162991,0.782274530393186,0.816430404853576,0.918898028234745,0.288461538461538,0.375,0.75,0.857142857142857,0.910714285714286,-30,-16,-13,-13,0,25,51,1594,18736,1465,2636,3807,6149,13175,-10,-13,-16,-22,-25,7905.25,9076.25,-11.66,-10.72,0.999012409363089,0.000988566936361623,0.976255525951798,0.868721433351409,0.151116988264163,0.619478034607391,19,Male,74,177,0,5,6
