Subjnr,Prec,Weekly,Mode,P,W1,W2,W3,W4,W5,W6,W7,W8,W9,W10,LAKW,AUC.G,AUC.L,Alpha.G,Alpha.L,Gamma.G,Gamma.L,DWG10,DWG30,DWG50,DWG70,DWG90,DWL10,DWL30,DWL50,DWL70,DWL90,SSL4,SSL3,SSL2,SSL1,RP,SSG1,SSG2,SSG3,SSG4,PBSG10,PBSG30,PBSG50,PBSG70,PBSG90,PBSL10,PBSL30,PBSL50,PBSL70,PBSL90,BDG05,BDG510,BDL05,BDL510,D5G,RG,BetaG,D5L,RL,BetaL,Age,Gender,Weight,Height,Cigarettes,Alcohol,Exercise
108,2,2,2,100,10,12,14,17,19,21,23,26,28,30,1.96428571428571,0.507281553398058,0.396153846153846,0.981738860460543,1.58728286373483,10.0807133654875,0.582656199099936,0.0818181818181818,0.127272727272727,0.181818181818182,0.276595744680851,0.296808510638298,0.114285714285714,0.380434782608696,0.46304347826087,0.556701030927835,0.59020618556701,-39,-35.2,-25.5,-14,0,27.5,51,73,103,9,14,20,30,31.9,-6.4,-20,-23.8,-27.7,-29,43.5,44,-16.3,-18.1,0.966075258388255,0.03511604434249,0.860163368428041,0.982958393316505,0.0173370580071004,0.825838317676352,18,Male,72,180,0,6,3
