Subjnr,Prec,Weekly,Mode,P,W1,W2,W3,W4,W5,W6,W7,W8,W9,W10,LAKW,AUC.G,AUC.L,Alpha.G,Alpha.L,Gamma.G,Gamma.L,DWG10,DWG30,DWG50,DWG70,DWG90,DWL10,DWL30,DWL50,DWL70,DWL90,SSL4,SSL3,SSL2,SSL1,RP,SSG1,SSG2,SSG3,SSG4,PBSG10,PBSG30,PBSG50,PBSG70,PBSG90,PBSL10,PBSL30,PBSL50,PBSL70,PBSL90,BDG05,BDG510,BDL05,BDL510,D5G,RG,BetaG,D5L,RL,BetaL,Age,Gender,Weight,Height,Cigarettes,Alcohol,Exercise
123,2,2,3,100,20,20,20,20,20,20,20,20,20,20,0.75,0.682738095238095,0.746152105024898,0.46316595137438,0.284841511831939,1.44558949443582,0.479038140728249,0.0555555555555556,0.109259259259259,0.633620689655172,0.60301724137931,0.799182242990654,0.371604938271605,0.545157657657658,0.769675881792183,0.293771043771044,0.309624017957351,-8836,-3591,-927,-36,0,27,90,206,420,6,11.8,152,137.8,248.1,-469.4,-1408.2,-4003.8,-192,-248.5,99.3,203.4,-4279.9,-4278.94,0.997261653299044,0.00274586583360237,0.69098953198848,0.998315065763089,0.00168777803190068,0.993335339790975,20,Male,65,178,0,0,5
